epoch,lr,loss,scored_fraction,seconds
1,1.49e-05,1.1443,0.7079,193.9
2,2.99e-05,0.8616,0.7080,182.6
3,4.49e-05,0.6981,0.7079,216.2
4,5.99e-05,0.6477,0.7079,433.0
5,7.49e-05,0.6159,0.7079,446.4
6,8.99e-05,0.5893,0.7079,438.2
7,1.05e-04,0.5597,0.7080,378.5
8,1.20e-04,0.5347,0.7080,229.8
9,1.35e-04,0.5108,0.7078,200.7
10,1.50e-04,0.4901,0.7081,187.9
11,1.50e-04,0.4733,0.7081,188.6
12,1.50e-04,0.4583,0.7079,188.0
13,1.50e-04,0.4496,0.7079,187.6
14,1.49e-04,0.4404,0.7080,186.7
15,1.49e-04,0.4315,0.7080,188.2
16,1.48e-04,0.4239,0.7081,188.0
17,1.48e-04,0.4170,0.7080,188.4
18,1.47e-04,0.4100,0.7080,187.0
19,1.46e-04,0.4061,0.7080,187.8
20,1.45e-04,0.4014,0.7081,199.6
21,1.45e-04,0.3964,0.7079,239.3
22,1.44e-04,0.3921,0.7079,235.3
23,1.42e-04,0.3893,0.7080,236.0
24,1.41e-04,0.3871,0.7081,249.2
25,1.40e-04,0.3822,0.7078,251.6
26,1.39e-04,0.3783,0.7081,242.9
27,1.37e-04,0.3763,0.7078,224.0
28,1.36e-04,0.3737,0.7079,220.9
29,1.34e-04,0.3721,0.7078,193.4
30,1.32e-04,0.3695,0.7080,190.3
31,1.31e-04,0.3665,0.7079,188.8
32,1.29e-04,0.3638,0.7080,195.1
33,1.27e-04,0.3628,0.7078,227.9
34,1.25e-04,0.3608,0.7078,198.7
35,1.23e-04,0.3602,0.7081,216.5
36,1.21e-04,0.3580,0.7079,232.8
37,1.19e-04,0.3560,0.7079,249.3
38,1.17e-04,0.3545,0.7080,245.7
39,1.15e-04,0.3530,0.7081,238.8
40,1.13e-04,0.3522,0.7080,234.6
41,1.10e-04,0.3501,0.7080,193.6
42,1.08e-04,0.3492,0.7081,188.1
43,1.06e-04,0.3472,0.7080,186.8
44,1.03e-04,0.3449,0.7079,223.9
45,1.01e-04,0.3461,0.7080,233.6
46,9.82e-05,0.3448,0.7082,240.1
47,9.57e-05,0.3434,0.7080,224.6
48,9.32e-05,0.3434,0.7078,213.0
49,9.06e-05,0.3417,0.7080,219.1
50,8.80e-05,0.3406,0.7079,203.4
51,8.54e-05,0.3393,0.7080,209.4
52,8.28e-05,0.3377,0.7080,207.6
53,8.02e-05,0.3383,0.7079,206.5
54,7.76e-05,0.3356,0.7080,212.9
55,7.50e-05,0.3356,0.7081,195.8
56,7.24e-05,0.3361,0.7080,193.5
57,6.98e-05,0.3353,0.7080,192.5
58,6.72e-05,0.3336,0.7081,192.8
59,6.46e-05,0.3341,0.7083,190.6
60,6.20e-05,0.3336,0.7081,191.6
61,5.94e-05,0.3335,0.7078,190.4
62,5.69e-05,0.3309,0.7080,192.0
63,5.43e-05,0.3303,0.7078,197.5
64,5.18e-05,0.3293,0.7082,195.7
65,4.94e-05,0.3284,0.7081,190.9
66,4.69e-05,0.3294,0.7081,193.6
67,4.45e-05,0.3296,0.7079,190.9
68,4.21e-05,0.3289,0.7079,192.7
69,3.98e-05,0.3267,0.7081,191.5
70,3.75e-05,0.3287,0.7079,192.8
71,3.53e-05,0.3260,0.7081,193.0
72,3.31e-05,0.3277,0.7079,192.0
73,3.09e-05,0.3261,0.7081,195.9
74,2.88e-05,0.3254,0.7079,194.4
75,2.68e-05,0.3242,0.7079,191.4
76,2.48e-05,0.3249,0.7079,190.4
77,2.29e-05,0.3258,0.7079,193.8
78,2.11e-05,0.3247,0.7080,192.1
79,1.93e-05,0.3226,0.7080,195.1
80,1.76e-05,0.3221,0.7078,194.1
81,1.59e-05,0.3228,0.7080,192.1
82,1.43e-05,0.3226,0.7082,192.9
83,1.28e-05,0.3234,0.7081,204.7
84,1.14e-05,0.3241,0.7082,206.9
85,1.01e-05,0.3224,0.7078,209.3
86,8.78e-06,0.3235,0.7078,211.4
87,7.59e-06,0.3217,0.7080,202.7
88,6.49e-06,0.3228,0.7078,195.0
89,5.46e-06,0.3221,0.7080,199.0
90,4.53e-06,0.3231,0.7081,206.5
91,3.67e-06,0.3207,0.7079,204.9
92,2.91e-06,0.3208,0.7080,195.1
93,2.23e-06,0.3220,0.7080,200.0
94,1.64e-06,0.3214,0.7083,217.9
95,1.14e-06,0.3220,0.7079,210.5
96,7.31e-07,0.3205,0.7080,203.1
97,4.12e-07,0.3227,0.7080,189.1
98,1.83e-07,0.3214,0.7081,188.6
99,4.60e-08,0.3201,0.7081,215.3
100,5.87e-13,0.3224,0.7079,225.2
