epoch,lr,train_loss,test_top1
0,5.00e-05,0.9208,0.4950
10,4.99e-05,0.9038,0.5317
20,4.95e-05,0.9017,0.5376
30,4.88e-05,0.9074,0.5228
40,4.78e-05,0.9067,0.5396
50,4.67e-05,0.9008,0.5218
60,4.52e-05,0.9095,0.5297
70,4.36e-05,0.9006,0.5238
80,4.18e-05,0.9021,0.5327
90,3.97e-05,0.9086,0.5257
100,3.76e-05,0.9038,0.5307
110,3.52e-05,0.9022,0.5287
120,3.28e-05,0.9047,0.5366
130,3.03e-05,0.9034,0.5248
140,2.77e-05,0.8962,0.5396
150,2.51e-05,0.8971,0.5505
160,2.25e-05,0.8974,0.5455
170,2.00e-05,0.8986,0.5465
180,1.75e-05,0.8977,0.5465
190,1.50e-05,0.8965,0.5465
200,1.27e-05,0.8975,0.5426
210,1.06e-05,0.8974,0.5495
220,8.55e-06,0.8983,0.5436
230,6.73e-06,0.8965,0.5386
240,5.11e-06,0.8977,0.5416
250,3.71e-06,0.8955,0.5347
260,2.55e-06,0.8983,0.5366
270,1.64e-06,0.8933,0.5376
280,9.93e-07,0.8978,0.5356
290,6.11e-07,0.8982,0.5376
299,5.00e-07,0.8954,0.5337
