epoch,lr,train_loss
0,5.00e-05,0.8950
1,5.00e-05,0.8903
2,5.00e-05,0.8903
3,5.00e-05,0.8902
4,5.00e-05,0.8903
5,5.00e-05,0.8898
6,5.00e-05,0.8884
7,4.99e-05,0.8886
8,4.99e-05,0.8891
9,4.99e-05,0.8881
10,4.99e-05,0.8912
11,4.98e-05,0.8889
12,4.98e-05,0.8889
13,4.98e-05,0.8887
14,4.97e-05,0.8899
15,4.97e-05,0.8880
16,4.97e-05,0.8898
17,4.96e-05,0.8886
18,4.96e-05,0.8885
19,4.95e-05,0.8879
20,4.95e-05,0.8873
21,4.94e-05,0.8905
22,4.93e-05,0.8892
23,4.93e-05,0.8886
24,4.92e-05,0.8875
25,4.92e-05,0.8873
26,4.91e-05,0.8881
27,4.90e-05,0.8880
28,4.89e-05,0.8886
29,4.89e-05,0.8888
30,4.88e-05,0.8891
31,4.87e-05,0.8887
32,4.86e-05,0.8874
33,4.85e-05,0.8872
34,4.84e-05,0.8874
35,4.83e-05,0.8891
36,4.83e-05,0.8873
37,4.82e-05,0.8872
38,4.81e-05,0.8879
39,4.80e-05,0.8886
40,4.78e-05,0.8896
41,4.77e-05,0.8871
42,4.76e-05,0.8877
43,4.75e-05,0.8882
44,4.74e-05,0.8869
45,4.73e-05,0.8879
46,4.72e-05,0.8879
47,4.70e-05,0.8875
48,4.69e-05,0.8876
49,4.68e-05,0.8864
50,4.67e-05,0.8863
51,4.65e-05,0.8881
52,4.64e-05,0.8900
53,4.63e-05,0.8878
54,4.61e-05,0.8875
55,4.60e-05,0.8870
56,4.58e-05,0.8870
57,4.57e-05,0.8873
58,4.55e-05,0.8887
59,4.54e-05,0.8881
60,4.52e-05,0.8870
61,4.51e-05,0.8862
62,4.49e-05,0.8874
63,4.48e-05,0.8861
64,4.46e-05,0.8860
65,4.45e-05,0.8861
66,4.43e-05,0.8862
67,4.41e-05,0.8874
68,4.40e-05,0.8860
69,4.38e-05,0.8870
70,4.36e-05,0.8863
71,4.34e-05,0.8868
72,4.33e-05,0.8867
73,4.31e-05,0.8864
74,4.29e-05,0.8881
75,4.27e-05,0.8866
76,4.25e-05,0.8882
77,4.23e-05,0.8874
78,4.21e-05,0.8884
79,4.20e-05,0.8866
80,4.18e-05,0.8867
81,4.16e-05,0.8867
82,4.14e-05,0.8870
83,4.12e-05,0.8859
84,4.10e-05,0.8858
85,4.08e-05,0.8870
86,4.06e-05,0.8859
87,4.04e-05,0.8859
88,4.02e-05,0.8863
89,3.99e-05,0.8879
90,3.97e-05,0.8861
91,3.95e-05,0.8858
92,3.93e-05,0.8883
93,3.91e-05,0.8876
94,3.89e-05,0.8862
95,3.87e-05,0.8859
96,3.84e-05,0.8864
97,3.82e-05,0.8873
98,3.80e-05,0.8858
99,3.78e-05,0.8863
100,3.76e-05,0.8887
101,3.73e-05,0.8856
102,3.71e-05,0.8884
103,3.69e-05,0.8857
104,3.66e-05,0.8865
105,3.64e-05,0.8862
106,3.62e-05,0.8871
107,3.59e-05,0.8861
108,3.57e-05,0.8866
109,3.55e-05,0.8855
110,3.52e-05,0.8867
111,3.50e-05,0.8864
112,3.48e-05,0.8855
113,3.45e-05,0.8861
114,3.43e-05,0.8882
115,3.40e-05,0.8855
116,3.38e-05,0.8867
117,3.35e-05,0.8855
118,3.33e-05,0.8866
119,3.31e-05,0.8857
120,3.28e-05,0.8855
121,3.26e-05,0.8856
122,3.23e-05,0.8855
123,3.21e-05,0.8854
124,3.18e-05,0.8855
125,3.16e-05,0.8864
126,3.13e-05,0.8855
127,3.11e-05,0.8857
128,3.08e-05,0.8856
129,3.05e-05,0.8855
130,3.03e-05,0.8858
131,3.00e-05,0.8861
132,2.98e-05,0.8859
133,2.95e-05,0.8854
134,2.93e-05,0.8854
135,2.90e-05,0.8865
136,2.88e-05,0.8868
137,2.85e-05,0.8878
138,2.82e-05,0.8858
139,2.80e-05,0.8853
140,2.77e-05,0.8853
141,2.75e-05,0.8853
142,2.72e-05,0.8853
143,2.69e-05,0.8854
144,2.67e-05,0.8855
145,2.64e-05,0.8853
146,2.62e-05,0.8862
147,2.59e-05,0.8865
148,2.56e-05,0.8861
149,2.54e-05,0.8855
150,2.51e-05,0.8856
151,2.49e-05,0.8861
152,2.46e-05,0.8853
153,2.43e-05,0.8854
154,2.41e-05,0.8868
155,2.38e-05,0.8853
156,2.36e-05,0.8857
157,2.33e-05,0.8857
158,2.30e-05,0.8853
159,2.28e-05,0.8852
160,2.25e-05,0.8858
161,2.23e-05,0.8859
162,2.20e-05,0.8854
163,2.18e-05,0.8851
164,2.15e-05,0.8856
165,2.12e-05,0.8850
166,2.10e-05,0.8851
167,2.07e-05,0.8853
168,2.05e-05,0.8853
169,2.02e-05,0.8851
170,2.00e-05,0.8854
171,1.97e-05,0.8861
172,1.95e-05,0.8853
173,1.92e-05,0.8851
174,1.90e-05,0.8851
175,1.87e-05,0.8856
176,1.85e-05,0.8852
177,1.82e-05,0.8856
178,1.80e-05,0.8876
179,1.77e-05,0.8853
180,1.75e-05,0.8851
181,1.72e-05,0.8852
182,1.70e-05,0.8850
183,1.67e-05,0.8851
184,1.65e-05,0.8855
185,1.62e-05,0.8853
186,1.60e-05,0.8850
187,1.58e-05,0.8853
188,1.55e-05,0.8850
189,1.53e-05,0.8850
190,1.50e-05,0.8854
191,1.48e-05,0.8860
192,1.46e-05,0.8851
193,1.43e-05,0.8859
194,1.41e-05,0.8851
195,1.39e-05,0.8850
196,1.36e-05,0.8856
197,1.34e-05,0.8853
198,1.32e-05,0.8850
199,1.30e-05,0.8850
200,1.27e-05,0.8851
201,1.25e-05,0.8850
202,1.23e-05,0.8848
203,1.21e-05,0.8849
204,1.18e-05,0.8849
205,1.16e-05,0.8849
206,1.14e-05,0.8849
207,1.12e-05,0.8852
208,1.10e-05,0.8851
209,1.08e-05,0.8854
210,1.06e-05,0.8849
211,1.04e-05,0.8848
212,1.01e-05,0.8850
213,9.94e-06,0.8853
214,9.74e-06,0.8848
215,9.53e-06,0.8848
216,9.33e-06,0.8852
217,9.14e-06,0.8852
218,8.94e-06,0.8852
219,8.75e-06,0.8849
220,8.55e-06,0.8852
221,8.36e-06,0.8849
222,8.17e-06,0.8849
223,7.98e-06,0.8848
224,7.80e-06,0.8847
225,7.62e-06,0.8848
226,7.43e-06,0.8849
227,7.25e-06,0.8848
228,7.08e-06,0.8850
229,6.90e-06,0.8849
230,6.73e-06,0.8848
231,6.56e-06,0.8848
232,6.39e-06,0.8849
233,6.22e-06,0.8848
234,6.05e-06,0.8848
235,5.89e-06,0.8854
236,5.73e-06,0.8848
237,5.57e-06,0.8848
238,5.42e-06,0.8848
239,5.26e-06,0.8848
240,5.11e-06,0.8848
241,4.96e-06,0.8848
242,4.81e-06,0.8848
243,4.67e-06,0.8848
244,4.52e-06,0.8848
245,4.38e-06,0.8848
246,4.24e-06,0.8848
247,4.11e-06,0.8847
248,3.97e-06,0.8848
249,3.84e-06,0.8847
250,3.71e-06,0.8847
251,3.58e-06,0.8848
252,3.46e-06,0.8847
253,3.34e-06,0.8849
254,3.22e-06,0.8847
255,3.10e-06,0.8846
256,2.99e-06,0.8848
257,2.87e-06,0.8848
258,2.76e-06,0.8848
259,2.66e-06,0.8859
260,2.55e-06,0.8847
261,2.45e-06,0.8847
262,2.35e-06,0.8848
263,2.25e-06,0.8846
264,2.16e-06,0.8846
265,2.06e-06,0.8848
266,1.97e-06,0.8846
267,1.89e-06,0.8848
268,1.80e-06,0.8846
269,1.72e-06,0.8846
270,1.64e-06,0.8847
271,1.57e-06,0.8845
272,1.49e-06,0.8846
273,1.42e-06,0.8847
274,1.35e-06,0.8847
275,1.28e-06,0.8847
276,1.22e-06,0.8846
277,1.16e-06,0.8848
278,1.10e-06,0.8846
279,1.05e-06,0.8847
280,9.93e-07,0.8847
281,9.42e-07,0.8846
282,8.95e-07,0.8847
283,8.50e-07,0.8846
284,8.08e-07,0.8847
285,7.68e-07,0.8849
286,7.31e-07,0.8851
287,6.97e-07,0.8846
288,6.66e-07,0.8848
289,6.37e-07,0.8847
290,6.11e-07,0.8846
291,5.88e-07,0.8846
292,5.67e-07,0.8846
293,5.50e-07,0.8846
294,5.34e-07,0.8846
295,5.22e-07,0.8848
296,5.12e-07,0.8846
297,5.06e-07,0.8846
298,5.01e-07,0.8846
299,5.00e-07,0.8846
