epoch,lr,train_loss,val_top1,val_top5,val_balanced,ema_top1,seconds
0,5.00e-05,5.5733,0.0000,0.0000,0.0000,0.0000,24.0
1,1.00e-04,5.5474,0.0000,0.0000,0.0000,0.0000,12.8
2,1.50e-04,5.4924,0.0000,0.0000,0.0000,0.0000,12.9
3,2.00e-04,5.3436,0.0000,0.0000,0.0000,0.0000,12.2
4,2.50e-04,5.1756,0.0000,0.0000,0.0000,0.0000,12.7
5,3.00e-04,4.9710,0.0000,0.0000,0.0000,0.0000,11.9
6,3.50e-04,4.8097,0.0000,0.0000,0.0000,0.0000,12.2
7,4.00e-04,4.5684,0.0000,0.0000,0.0000,0.0000,11.7
8,4.50e-04,4.4117,0.0000,0.0000,0.0000,0.0000,12.1
9,5.00e-04,4.1642,0.0000,0.0000,0.0000,0.0000,12.4
10,5.00e-04,4.0292,0.0000,0.0000,0.0000,0.0000,11.9
11,5.00e-04,3.9164,0.0000,0.0000,0.0000,0.0000,12.2
12,5.00e-04,3.6394,0.0000,0.0000,0.0000,0.0000,11.7
13,5.00e-04,3.5787,0.0000,0.0000,0.0000,0.0000,12.0
14,4.99e-04,3.4444,0.0000,0.0000,0.0000,0.0000,12.1
15,4.99e-04,3.2595,0.0000,0.0000,0.0000,0.0000,12.2
16,4.99e-04,3.1269,0.0000,0.0000,0.0000,0.0000,11.9
17,4.99e-04,3.0786,0.0000,0.0000,0.0000,0.0000,11.9
18,4.98e-04,2.9403,0.0000,0.0000,0.0000,0.0000,11.9
19,4.98e-04,2.9220,0.0000,0.0000,0.0000,0.0000,12.1
20,4.97e-04,2.7409,0.0000,0.0000,0.0000,0.0000,12.2
21,4.97e-04,2.6842,0.0000,0.0000,0.0000,0.0000,12.4
22,4.96e-04,2.6393,0.0000,0.0000,0.0000,0.0000,12.0
23,4.96e-04,2.5107,0.0000,0.0000,0.0000,0.0000,12.4
24,4.95e-04,2.3896,0.0000,0.0000,0.0000,0.0000,12.1
25,4.95e-04,2.5479,0.0000,0.0000,0.0000,0.0000,11.7
26,4.94e-04,2.3291,0.0000,0.0000,0.0000,0.0000,12.0
27,4.93e-04,2.3647,0.0000,0.0000,0.0000,0.0000,11.9
28,4.92e-04,2.2732,0.0000,0.0000,0.0000,0.0000,12.5
29,4.92e-04,2.2231,0.0000,0.0000,0.0000,0.0000,12.1
30,4.91e-04,2.0691,0.0000,0.0000,0.0000,0.0000,12.1
31,4.90e-04,1.9726,0.0000,0.0000,0.0000,0.0000,12.2
32,4.89e-04,2.1026,0.0000,0.0000,0.0000,0.0000,11.9
33,4.88e-04,2.1142,0.0000,0.0000,0.0000,0.0000,13.2
34,4.87e-04,1.9784,0.0000,0.0000,0.0000,0.0000,12.3
35,4.86e-04,1.8109,0.0000,0.0000,0.0000,0.0000,11.9
36,4.85e-04,1.8439,0.0000,0.0000,0.0000,0.0000,12.0
37,4.84e-04,2.0144,0.0000,0.0000,0.0000,0.0000,11.8
38,4.82e-04,1.9520,0.0000,0.0000,0.0000,0.0000,12.0
39,4.81e-04,1.8919,0.0000,0.0000,0.0000,0.0000,12.1
40,4.80e-04,1.8096,0.0000,0.0000,0.0000,0.0000,12.0
41,4.79e-04,1.5972,0.0000,0.0000,0.0000,0.0000,12.2
42,4.77e-04,1.6628,0.0000,0.0000,0.0000,0.0000,11.9
43,4.76e-04,1.5554,0.0000,0.0000,0.0000,0.0000,12.4
44,4.75e-04,1.6650,0.0000,0.0000,0.0000,0.0000,12.2
45,4.73e-04,1.5752,0.0000,0.0000,0.0000,0.0000,12.1
46,4.72e-04,1.7148,0.0000,0.0000,0.0000,0.0000,12.3
47,4.70e-04,1.7642,0.0000,0.0000,0.0000,0.0000,11.8
48,4.68e-04,1.4678,0.0000,0.0000,0.0000,0.0000,12.1
49,4.67e-04,1.5551,0.0000,0.0000,0.0000,0.0000,11.9
50,4.65e-04,1.6193,0.0000,0.0000,0.0000,0.0000,11.9
51,4.64e-04,1.6559,0.0000,0.0000,0.0000,0.0000,12.0
52,4.62e-04,1.5793,0.0000,0.0000,0.0000,0.0000,12.0
53,4.60e-04,1.7673,0.0000,0.0000,0.0000,0.0000,12.1
54,4.58e-04,1.7416,0.0000,0.0000,0.0000,0.0000,12.0
55,4.57e-04,1.5072,0.0000,0.0000,0.0000,0.0000,11.9
56,4.55e-04,1.5756,0.0000,0.0000,0.0000,0.0000,12.2
57,4.53e-04,1.4628,0.0000,0.0000,0.0000,0.0000,11.8
58,4.51e-04,1.4434,0.0000,0.0000,0.0000,0.0000,12.6
59,4.49e-04,1.6202,0.0000,0.0000,0.0000,0.0000,12.2
60,4.47e-04,1.3038,0.0000,0.0000,0.0000,0.0000,11.9
61,4.45e-04,1.4101,0.0000,0.0000,0.0000,0.0000,12.6
62,4.43e-04,1.3639,0.0000,0.0000,0.0000,0.0000,12.0
63,4.41e-04,1.4004,0.0000,0.0000,0.0000,0.0000,12.2
64,4.39e-04,1.5724,0.0000,0.0000,0.0000,0.0000,11.9
65,4.36e-04,1.4156,0.0000,0.0000,0.0000,0.0000,11.8
66,4.34e-04,1.5311,0.0000,0.0000,0.0000,0.0000,12.0
67,4.32e-04,1.4676,0.0000,0.0000,0.0000,0.0000,11.7
68,4.30e-04,1.3898,0.0000,0.0000,0.0000,0.0000,11.9
69,4.28e-04,1.2874,0.0000,0.0000,0.0000,0.0000,12.3
70,4.25e-04,1.3431,0.0000,0.0000,0.0000,0.0000,12.6
71,4.23e-04,1.2483,0.0000,0.0000,0.0000,0.0000,12.1
72,4.21e-04,1.3456,0.0000,0.0000,0.0000,0.0000,12.4
73,4.18e-04,1.3974,0.0000,0.0000,0.0000,0.0000,12.1
74,4.16e-04,1.3390,0.0000,0.0000,0.0000,0.0000,12.3
75,4.13e-04,1.3196,0.0000,0.0000,0.0000,0.0000,11.8
76,4.11e-04,1.2298,0.0000,0.0000,0.0000,0.0000,12.2
77,4.08e-04,1.2982,0.0000,0.0000,0.0000,0.0000,11.8
78,4.06e-04,1.2957,0.0000,0.0000,0.0000,0.0000,12.0
79,4.03e-04,1.3566,0.0000,0.0000,0.0000,0.0000,12.1
80,4.01e-04,1.5041,0.0000,0.0000,0.0000,0.0000,11.9
81,3.98e-04,1.2404,0.0000,0.0000,0.0000,0.0000,12.3
82,3.95e-04,1.2649,0.0000,0.0000,0.0000,0.0000,12.0
83,3.93e-04,1.2594,0.0000,0.0000,0.0000,0.0000,12.5
84,3.90e-04,1.3330,0.0000,0.0000,0.0000,0.0000,12.4
85,3.87e-04,1.2431,0.0000,0.0000,0.0000,0.0000,12.0
86,3.85e-04,1.5628,0.0000,0.0000,0.0000,0.0000,12.1
87,3.82e-04,1.2283,0.0000,0.0000,0.0000,0.0000,12.1
88,3.79e-04,1.3008,0.0000,0.0000,0.0000,0.0000,12.2
89,3.76e-04,1.2525,0.0000,0.0000,0.0000,0.0000,11.9
90,3.73e-04,1.2664,0.0000,0.0000,0.0000,0.0000,11.9
91,3.71e-04,1.2300,0.0000,0.0000,0.0000,0.0000,12.1
92,3.68e-04,1.2119,0.0000,0.0000,0.0000,0.0000,12.1
93,3.65e-04,1.3002,0.0000,0.0000,0.0000,0.0000,12.0
94,3.62e-04,1.3223,0.0000,0.0000,0.0000,0.0000,11.9
95,3.59e-04,1.1701,0.0000,0.0000,0.0000,0.0000,12.0
96,3.56e-04,1.3719,0.0000,0.0000,0.0000,0.0000,12.2
97,3.53e-04,1.3401,0.0000,0.0000,0.0000,0.0000,11.9
98,3.50e-04,1.2096,0.0000,0.0000,0.0000,0.0000,12.1
99,3.47e-04,1.4126,0.0000,0.0000,0.0000,0.0000,11.8
100,3.44e-04,1.2545,0.0000,0.0000,0.0000,0.0000,12.0
101,3.41e-04,1.1892,0.0000,0.0000,0.0000,0.0000,12.0
102,3.38e-04,1.2469,0.0000,0.0000,0.0000,0.0000,12.1
103,3.35e-04,1.2018,0.0000,0.0000,0.0000,0.0000,12.2
104,3.32e-04,1.3396,0.0000,0.0000,0.0000,0.0000,11.9
105,3.29e-04,1.1256,0.0000,0.0000,0.0000,0.0000,12.1
106,3.26e-04,1.2736,0.0000,0.0000,0.0000,0.0000,18.0
107,3.23e-04,1.4687,0.0000,0.0000,0.0000,0.0000,14.6
108,3.20e-04,1.2445,0.0000,0.0000,0.0000,0.0000,14.6
109,3.17e-04,1.1169,0.0000,0.0000,0.0000,0.0000,14.6
110,3.13e-04,1.0294,0.0000,0.0000,0.0000,0.0000,14.6
111,3.10e-04,1.0854,0.0000,0.0000,0.0000,0.0000,14.3
112,3.07e-04,1.1983,0.0000,0.0000,0.0000,0.0000,14.7
113,3.04e-04,1.0927,0.0000,0.0000,0.0000,0.0000,14.0
114,3.01e-04,1.1157,0.0000,0.0000,0.0000,0.0000,14.3
115,2.98e-04,1.1113,0.0000,0.0000,0.0000,0.0000,14.4
116,2.94e-04,1.1364,0.0000,0.0000,0.0000,0.0000,14.5
117,2.91e-04,1.2549,0.0000,0.0000,0.0000,0.0000,14.3
118,2.88e-04,1.0229,0.0000,0.0000,0.0000,0.0000,14.5
119,2.85e-04,1.3029,0.0000,0.0000,0.0000,0.0000,14.9
120,2.82e-04,1.0585,0.0000,0.0000,0.0000,0.0000,14.9
121,2.78e-04,1.1406,0.0000,0.0000,0.0000,0.0000,15.2
122,2.75e-04,1.1087,0.0000,0.0000,0.0000,0.0000,14.4
123,2.72e-04,0.9891,0.0000,0.0000,0.0000,0.0000,14.0
124,2.69e-04,1.1955,0.0000,0.0000,0.0000,0.0000,14.1
125,2.66e-04,1.2144,0.0000,0.0000,0.0000,0.0000,13.8
126,2.62e-04,1.0056,0.0000,0.0000,0.0000,0.0000,13.8
127,2.59e-04,1.0693,0.0000,0.0000,0.0000,0.0000,14.0
128,2.56e-04,1.1530,0.0000,0.0000,0.0000,0.0000,13.9
129,2.53e-04,0.9612,0.0000,0.0000,0.0000,0.0000,14.6
130,2.49e-04,1.2084,0.0000,0.0000,0.0000,0.0000,14.1
131,2.46e-04,0.9941,0.0000,0.0000,0.0000,0.0000,12.3
132,2.43e-04,0.9829,0.0000,0.0000,0.0000,0.0000,14.0
133,2.40e-04,0.9016,0.0000,0.0000,0.0000,0.0000,14.6
134,2.36e-04,1.2703,0.0000,0.0000,0.0000,0.0000,14.2
135,2.33e-04,1.0311,0.0000,0.0000,0.0000,0.0000,14.6
136,2.30e-04,1.0590,0.0000,0.0000,0.0000,0.0000,15.3
137,2.27e-04,1.1956,0.0000,0.0000,0.0000,0.0000,14.7
138,2.23e-04,1.1268,0.0000,0.0000,0.0000,0.0000,14.7
139,2.20e-04,1.0178,0.0000,0.0000,0.0000,0.0000,14.8
140,2.17e-04,1.1287,0.0000,0.0000,0.0000,0.0000,14.8
141,2.14e-04,1.0706,0.0000,0.0000,0.0000,0.0000,14.6
142,2.11e-04,1.1241,0.0000,0.0000,0.0000,0.0000,14.3
143,2.07e-04,1.0556,0.0000,0.0000,0.0000,0.0000,14.1
144,2.04e-04,1.0806,0.0000,0.0000,0.0000,0.0000,14.0
145,2.01e-04,1.0788,0.0000,0.0000,0.0000,0.0000,14.3
146,1.98e-04,1.2118,0.0000,0.0000,0.0000,0.0000,14.1
147,1.95e-04,1.0048,0.0000,0.0000,0.0000,0.0000,12.4
148,1.92e-04,1.0859,0.0000,0.0000,0.0000,0.0000,12.0
149,1.89e-04,1.1666,0.0000,0.0000,0.0000,0.0000,11.6
150,1.85e-04,1.0016,0.0000,0.0000,0.0000,0.0000,11.9
151,1.82e-04,1.0093,0.0000,0.0000,0.0000,0.0000,11.8
152,1.79e-04,1.0028,0.0000,0.0000,0.0000,0.0000,12.1
153,1.76e-04,1.2688,0.0000,0.0000,0.0000,0.0000,12.0
154,1.73e-04,1.1554,0.0000,0.0000,0.0000,0.0000,12.0
155,1.70e-04,0.9186,0.0000,0.0000,0.0000,0.0000,11.9
156,1.67e-04,1.0721,0.0000,0.0000,0.0000,0.0000,12.0
157,1.64e-04,1.2313,0.0000,0.0000,0.0000,0.0000,11.8
158,1.61e-04,1.2099,0.0000,0.0000,0.0000,0.0000,11.9
159,1.58e-04,1.0559,0.0000,0.0000,0.0000,0.0000,11.8
160,1.55e-04,1.0528,0.0000,0.0000,0.0000,0.0000,11.9
161,1.52e-04,0.8223,0.0000,0.0000,0.0000,0.0000,12.4
162,1.49e-04,1.1151,0.0000,0.0000,0.0000,0.0000,12.5
163,1.46e-04,1.1119,0.0000,0.0000,0.0000,0.0000,12.1
164,1.43e-04,1.0972,0.0000,0.0000,0.0000,0.0000,14.8
165,1.40e-04,0.8524,0.0000,0.0000,0.0000,0.0000,12.6
166,1.37e-04,0.9618,0.0000,0.0000,0.0000,0.0000,11.7
167,1.34e-04,0.9763,0.0000,0.0000,0.0000,0.0000,11.9
168,1.32e-04,0.9836,0.0000,0.0000,0.0000,0.0000,11.8
169,1.29e-04,1.0344,0.0000,0.0000,0.0000,0.0000,12.0
170,1.26e-04,1.0015,0.0000,0.0000,0.0000,0.0000,12.0
171,1.23e-04,1.1724,0.0000,0.0000,0.0000,0.0000,11.9
172,1.20e-04,1.0467,0.0000,0.0000,0.0000,0.0000,14.8
173,1.18e-04,1.2225,0.0000,0.0000,0.0000,0.0000,16.2
174,1.15e-04,1.1569,0.0000,0.0000,0.0000,0.0000,15.3
175,1.12e-04,1.0155,0.0000,0.0000,0.0000,0.0000,14.5
176,1.10e-04,0.8786,0.0000,0.0000,0.0000,0.0000,15.1
177,1.07e-04,1.1186,0.0000,0.0000,0.0000,0.0000,15.3
178,1.04e-04,1.2372,0.0000,0.0000,0.0000,0.0000,14.5
179,1.02e-04,0.9645,0.0000,0.0000,0.0000,0.0000,14.5
180,9.93e-05,0.9875,0.0000,0.0000,0.0000,0.0000,18.0
181,9.68e-05,1.1002,0.0000,0.0000,0.0000,0.0000,15.9
182,9.43e-05,0.9931,0.0000,0.0000,0.0000,0.0000,15.3
183,9.18e-05,1.0061,0.0000,0.0000,0.0000,0.0000,14.7
184,8.94e-05,0.9803,0.0000,0.0000,0.0000,0.0000,15.2
185,8.69e-05,1.0520,0.0000,0.0000,0.0000,0.0000,15.8
186,8.45e-05,0.9916,0.0000,0.0000,0.0000,0.0000,15.8
187,8.22e-05,0.9016,0.0000,0.0000,0.0000,0.0000,15.1
188,7.98e-05,1.2388,0.0000,0.0000,0.0000,0.0000,14.6
189,7.75e-05,1.0089,0.0000,0.0000,0.0000,0.0000,15.0
190,7.53e-05,0.9556,0.0000,0.0000,0.0000,0.0000,15.3
191,7.30e-05,0.8935,0.0000,0.0000,0.0000,0.0000,15.2
192,7.08e-05,1.1625,0.0000,0.0000,0.0000,0.0000,15.2
193,6.86e-05,0.9757,0.0000,0.0000,0.0000,0.0000,14.3
194,6.65e-05,0.8361,0.0000,0.0000,0.0000,0.0000,14.2
195,6.43e-05,0.9711,0.0000,0.0000,0.0000,0.0000,14.1
196,6.23e-05,1.1274,0.0000,0.0000,0.0000,0.0000,15.4
197,6.02e-05,1.0403,0.0000,0.0000,0.0000,0.0000,15.0
198,5.82e-05,0.9474,0.0000,0.0000,0.0000,0.0000,14.5
199,5.62e-05,0.9800,0.0000,0.0000,0.0000,0.0000,14.1
200,5.42e-05,0.9057,0.0000,0.0000,0.0000,0.0000,13.9
201,5.23e-05,1.0397,0.0000,0.0000,0.0000,0.0000,15.3
202,5.04e-05,0.8890,0.0000,0.0000,0.0000,0.0000,15.5
203,4.86e-05,1.1335,0.0000,0.0000,0.0000,0.0000,14.9
204,4.67e-05,0.8511,0.0000,0.0000,0.0000,0.0000,14.5
205,4.50e-05,1.0391,0.0000,0.0000,0.0000,0.0000,14.8
206,4.32e-05,0.8096,0.0000,0.0000,0.0000,0.0000,14.1
207,4.15e-05,0.8284,0.0000,0.0000,0.0000,0.0000,14.9
208,3.98e-05,1.1034,0.0000,0.0000,0.0000,0.0000,14.5
209,3.82e-05,1.0211,0.0000,0.0000,0.0000,0.0000,14.7
210,3.66e-05,1.0438,0.0000,0.0000,0.0000,0.0000,14.5
211,3.50e-05,0.9914,0.0000,0.0000,0.0000,0.0000,14.5
212,3.35e-05,1.1485,0.0000,0.0000,0.0000,0.0000,14.3
213,3.20e-05,0.9996,0.0000,0.0000,0.0000,0.0000,15.4
214,3.06e-05,1.0279,0.0000,0.0000,0.0000,0.0000,12.7
215,2.91e-05,0.9005,0.0000,0.0000,0.0000,0.0000,12.0
216,2.78e-05,1.0360,0.0000,0.0000,0.0000,0.0000,12.1
217,2.64e-05,0.9245,0.0000,0.0000,0.0000,0.0000,11.8
218,2.51e-05,1.0382,0.0000,0.0000,0.0000,0.0000,14.8
219,2.39e-05,0.9835,0.0000,0.0000,0.0000,0.0000,14.3
220,2.26e-05,1.1914,0.0000,0.0000,0.0000,0.0000,14.6
221,2.15e-05,1.0289,0.0000,0.0000,0.0000,0.0000,14.4
222,2.03e-05,0.9523,0.0000,0.0000,0.0000,0.0000,15.4
223,1.92e-05,0.9249,0.0000,0.0000,0.0000,0.0000,14.6
224,1.82e-05,0.8725,0.0000,0.0000,0.0000,0.0000,14.9
225,1.71e-05,0.9446,0.0000,0.0000,0.0000,0.0000,14.6
226,1.62e-05,1.0041,0.0000,0.0000,0.0000,0.0000,15.0
227,1.52e-05,0.8499,0.0000,0.0000,0.0000,0.0000,14.6
228,1.43e-05,1.0143,0.0000,0.0000,0.0000,0.0000,14.5
229,1.35e-05,1.1620,0.0000,0.0000,0.0000,0.0000,15.1
230,1.26e-05,0.9425,0.0000,0.0000,0.0000,0.0000,15.2
231,1.19e-05,0.8985,0.0000,0.0000,0.0000,0.0000,14.3
232,1.11e-05,1.0472,0.0000,0.0000,0.0000,0.0000,16.6
233,1.04e-05,0.8552,0.0000,0.0000,0.0000,0.0000,14.8
234,9.77e-06,0.8905,0.0000,0.0000,0.0000,0.0000,14.9
235,9.16e-06,1.1214,0.0000,0.0000,0.0000,0.0000,14.1
236,8.59e-06,1.0188,0.0000,0.0000,0.0000,0.0000,14.3
237,8.06e-06,0.9711,0.0000,0.0000,0.0000,0.0000,14.3
238,7.57e-06,1.0048,0.0000,0.0000,0.0000,0.0000,14.5
239,7.13e-06,0.9916,0.0000,0.0000,0.0000,0.0000,14.0
240,6.72e-06,0.7681,0.0000,0.0000,0.0000,0.0000,14.4
241,6.36e-06,0.9290,0.0000,0.0000,0.0000,0.0000,14.9
242,6.04e-06,1.0704,0.0000,0.0000,0.0000,0.0000,16.4
243,5.77e-06,0.9157,0.0000,0.0000,0.0000,0.0000,15.5
244,5.53e-06,0.9683,0.0000,0.0000,0.0000,0.0000,15.4
245,5.34e-06,1.2285,0.0000,0.0000,0.0000,0.0000,15.7
246,5.19e-06,0.9723,0.0000,0.0000,0.0000,0.0000,15.9
247,5.09e-06,1.1055,0.0000,0.0000,0.0000,0.0000,15.3
248,5.02e-06,0.9401,0.0000,0.0000,0.0000,0.0000,15.6
249,5.00e-06,0.9221,0.0000,0.0000,0.0000,0.0000,14.7
