video_path,label,parent_label,take_group,split
Adjectives/1. loud/MVI_5177.MOV,1. loud,Adjectives,1. loud#0,train
Adjectives/1. loud/MVI_5178.MOV,1. loud,Adjectives,1. loud#0,train
Adjectives/1. loud/MVI_5179.MOV,1. loud,Adjectives,1. loud#0,train
Adjectives/1. loud/MVI_5257.MOV,1. loud,Adjectives,1. loud#1,train
Adjectives/1. loud/MVI_5258.MOV,1. loud,Adjectives,1. loud#1,train
Adjectives/1. loud/MVI_5259.MOV,1. loud,Adjectives,1. loud#1,train
Adjectives/1. loud/MVI_5335.MOV,1. loud,Adjectives,1. loud#2,val
Adjectives/1. loud/MVI_5336.MOV,1. loud,Adjectives,1. loud#2,val
Adjectives/1. loud/MVI_5337.MOV,1. loud,Adjectives,1. loud#2,val
Adjectives/1. loud/MVI_9289.MOV,1. loud,Adjectives,1. loud#3,test
Adjectives/1. loud/MVI_9290.MOV,1. loud,Adjectives,1. loud#3,test
Adjectives/1. loud/MVI_9291.MOV,1. loud,Adjectives,1. loud#3,test
Adjectives/1. loud/MVI_9368.MOV,1. loud,Adjectives,1. loud#4,test
Adjectives/1. loud/MVI_9369.MOV,1. loud,Adjectives,1. loud#4,test
Adjectives/1. loud/MVI_9370.MOV,1. loud,Adjectives,1. loud#4,test
Adjectives/1. loud/MVI_9448.MOV,1. loud,Adjectives,1. loud#5,test
Adjectives/1. loud/MVI_9449.MOV,1. loud,Adjectives,1. loud#5,test
Adjectives/1. loud/MVI_9450.MOV,1. loud,Adjectives,1. loud#5,test
Adjectives/1. loud/MVI_9534.MOV,1. loud,Adjectives,1. loud#6,test
Adjectives/1. loud/MVI_9535.MOV,1. loud,Adjectives,1. loud#6,test
Adjectives/1. loud/MVI_9536.MOV,1. loud,Adjectives,1. loud#6,test
Adjectives/2. quiet/MVI_5180.MOV,2. quiet,Adjectives,2. quiet#0,val
Adjectives/2. quiet/MVI_5181.MOV,2. quiet,Adjectives,2. quiet#0,val
Adjectives/2. quiet/MVI_5182.MOV,2. quiet,Adjectives,2. quiet#0,val
Adjectives/2. quiet/MVI_5260.MOV,2. quiet,Adjectives,2. quiet#1,train
Adjectives/2. quiet/MVI_5261.MOV,2. quiet,Adjectives,2. quiet#1,train
Adjectives/2. quiet/MVI_5262.MOV,2. quiet,Adjectives,2. quiet#1,train
Adjectives/2. quiet/MVI_5338.MOV,2. quiet,Adjectives,2. quiet#2,train
Adjectives/2. quiet/MVI_5339.MOV,2. quiet,Adjectives,2. quiet#2,train
Adjectives/2. quiet/MVI_5340.MOV,2. quiet,Adjectives,2. quiet#2,train
Adjectives/2. quiet/MVI_9292.MOV,2. quiet,Adjectives,2. quiet#3,test
Adjectives/2. quiet/MVI_9293.MOV,2. quiet,Adjectives,2. quiet#3,test
Adjectives/2. quiet/MVI_9294.MOV,2. quiet,Adjectives,2. quiet#3,test
Adjectives/2. quiet/MVI_9371.MOV,2. quiet,Adjectives,2. quiet#4,test
Adjectives/2. quiet/MVI_9372.MOV,2. quiet,Adjectives,2. quiet#4,test
Adjectives/2. quiet/MVI_9373.MOV,2. quiet,Adjectives,2. quiet#4,test
Adjectives/2. quiet/MVI_9451.MOV,2. quiet,Adjectives,2. quiet#5,test
Adjectives/2. quiet/MVI_9452.MOV,2. quiet,Adjectives,2. quiet#5,test
Adjectives/2. quiet/MVI_9453.MOV,2. quiet,Adjectives,2. quiet#5,test
Adjectives/2. quiet/MVI_9537.MOV,2. quiet,Adjectives,2. quiet#6,test
Adjectives/2. quiet/MVI_9538.MOV,2. quiet,Adjectives,2. quiet#6,test
Adjectives/2. quiet/MVI_9539.MOV,2. quiet,Adjectives,2. quiet#6,test
Adjectives/3. happy/MVI_5183.MOV,3. happy,Adjectives,3. happy#0,val
Adjectives/3. happy/MVI_5184.MOV,3. happy,Adjectives,3. happy#0,val
Adjectives/3. happy/MVI_5185.MOV,3. happy,Adjectives,3. happy#0,val
Adjectives/3. happy/MVI_5263.MOV,3. happy,Adjectives,3. happy#1,train
Adjectives/3. happy/MVI_5264.MOV,3. happy,Adjectives,3. happy#1,train
Adjectives/3. happy/MVI_5265.MOV,3. happy,Adjectives,3. happy#1,train
Adjectives/3. happy/MVI_5341.MOV,3. happy,Adjectives,3. happy#2,train
Adjectives/3. happy/MVI_5342.MOV,3. happy,Adjectives,3. happy#2,train
Adjectives/3. happy/MVI_5343.MOV,3. happy,Adjectives,3. happy#2,train
Adjectives/3. happy/MVI_9295.MOV,3. happy,Adjectives,3. happy#3,test
Adjectives/3. happy/MVI_9296.MOV,3. happy,Adjectives,3. happy#3,test
Adjectives/3. happy/MVI_9297.MOV,3. happy,Adjectives,3. happy#3,test
Adjectives/3. happy/MVI_9374.MOV,3. happy,Adjectives,3. happy#4,test
Adjectives/3. happy/MVI_9375.MOV,3. happy,Adjectives,3. happy#4,test
Adjectives/3. happy/MVI_9376.MOV,3. happy,Adjectives,3. happy#4,test
Adjectives/3. happy/MVI_9454.MOV,3. happy,Adjectives,3. happy#5,test
Adjectives/3. happy/MVI_9455.MOV,3. happy,Adjectives,3. happy#5,test
Adjectives/3. happy/MVI_9456.MOV,3. happy,Adjectives,3. happy#5,test
Adjectives/3. happy/MVI_9540.MOV,3. happy,Adjectives,3. happy#6,test
Adjectives/3. happy/MVI_9541.MOV,3. happy,Adjectives,3. happy#6,test
Adjectives/3. happy/MVI_9542.MOV,3. happy,Adjectives,3. happy#6,test
Adjectives/78. long/MVI_5106.MOV,78. long,Adjectives,78. long#0,train
Adjectives/78. long/MVI_5107.MOV,78. long,Adjectives,78. long#0,train
Adjectives/78. long/MVI_5108.MOV,78. long,Adjectives,78. long#0,train
Adjectives/78. long/MVI_5186.MOV,78. long,Adjectives,78. long#1,val
Adjectives/78. long/MVI_5187.MOV,78. long,Adjectives,78. long#1,val
Adjectives/78. long/MVI_5188.MOV,78. long,Adjectives,78. long#1,val
Adjectives/78. long/MVI_5266.MOV,78. long,Adjectives,78. long#2,train
Adjectives/78. long/MVI_5267.MOV,78. long,Adjectives,78. long#2,train
Adjectives/78. long/MVI_5268.MOV,78. long,Adjectives,78. long#2,train
Adjectives/78. long/MVI_9217.MOV,78. long,Adjectives,78. long#3,test
Adjectives/78. long/MVI_9218.MOV,78. long,Adjectives,78. long#3,test
Adjectives/78. long/MVI_9219.MOV,78. long,Adjectives,78. long#3,test
Adjectives/78. long/MVI_9298.MOV,78. long,Adjectives,78. long#4,test
Adjectives/78. long/MVI_9299.MOV,78. long,Adjectives,78. long#4,test
Adjectives/78. long/MVI_9300.MOV,78. long,Adjectives,78. long#4,test
Adjectives/78. long/MVI_9377.MOV,78. long,Adjectives,78. long#5,test
Adjectives/78. long/MVI_9378.MOV,78. long,Adjectives,78. long#5,test
Adjectives/78. long/MVI_9379.MOV,78. long,Adjectives,78. long#5,test
Adjectives/78. long/MVI_9458.MOV,78. long,Adjectives,78. long#6,test
Adjectives/78. long/MVI_9459.MOV,78. long,Adjectives,78. long#6,test
Adjectives/78. long/MVI_9460.MOV,78. long,Adjectives,78. long#6,test
Adjectives/79. short/MVI_5110.MOV,79. short,Adjectives,79. short#0,train
Adjectives/79. short/MVI_5111.MOV,79. short,Adjectives,79. short#0,train
Adjectives/79. short/MVI_5112.MOV,79. short,Adjectives,79. short#0,train
Adjectives/79. short/MVI_5189.MOV,79. short,Adjectives,79. short#1,train
Adjectives/79. short/MVI_5190.MOV,79. short,Adjectives,79. short#1,train
Adjectives/79. short/MVI_5191.MOV,79. short,Adjectives,79. short#1,train
Adjectives/79. short/MVI_5269.MOV,79. short,Adjectives,79. short#2,val
Adjectives/79. short/MVI_5270.MOV,79. short,Adjectives,79. short#2,val
Adjectives/79. short/MVI_5271.MOV,79. short,Adjectives,79. short#2,val
Adjectives/79. short/MVI_9220.MOV,79. short,Adjectives,79. short#3,test
Adjectives/79. short/MVI_9221.MOV,79. short,Adjectives,79. short#3,test
Adjectives/79. short/MVI_9222.MOV,79. short,Adjectives,79. short#3,test
Adjectives/79. short/MVI_9301.MOV,79. short,Adjectives,79. short#4,test
Adjectives/79. short/MVI_9302.MOV,79. short,Adjectives,79. short#4,test
Adjectives/79. short/MVI_9303.MOV,79. short,Adjectives,79. short#4,test
Adjectives/79. short/MVI_9380.MOV,79. short,Adjectives,79. short#5,test
Adjectives/79. short/MVI_9381.MOV,79. short,Adjectives,79. short#5,test
Adjectives/79. short/MVI_9382.MOV,79. short,Adjectives,79. short#5,test
Adjectives/79. short/MVI_9461.MOV,79. short,Adjectives,79. short#6,test
Adjectives/79. short/MVI_9462.MOV,79. short,Adjectives,79. short#6,test
Adjectives/79. short/MVI_9463.MOV,79. short,Adjectives,79. short#6,test
Adjectives/83. big large/MVI_5123.MOV,83. big large,Adjectives,83. big large#0,train
Adjectives/83. big large/MVI_5124.MOV,83. big large,Adjectives,83. big large#0,train
Adjectives/83. big large/MVI_5125.MOV,83. big large,Adjectives,83. big large#0,train
Adjectives/83. big large/MVI_5203.MOV,83. big large,Adjectives,83. big large#1,val
Adjectives/83. big large/MVI_5204.MOV,83. big large,Adjectives,83. big large#1,val
Adjectives/83. big large/MVI_5205.MOV,83. big large,Adjectives,83. big large#1,val
Adjectives/83. big large/MVI_5283.MOV,83. big large,Adjectives,83. big large#2,train
Adjectives/83. big large/MVI_5284.MOV,83. big large,Adjectives,83. big large#2,train
Adjectives/83. big large/MVI_5285.MOV,83. big large,Adjectives,83. big large#2,train
Adjectives/83. big large/MVI_9233.MOV,83. big large,Adjectives,83. big large#3,test
Adjectives/83. big large/MVI_9234.MOV,83. big large,Adjectives,83. big large#3,test
Adjectives/83. big large/MVI_9235.MOV,83. big large,Adjectives,83. big large#3,test
Adjectives/83. big large/MVI_9316.MOV,83. big large,Adjectives,83. big large#4,test
Adjectives/83. big large/MVI_9317.MOV,83. big large,Adjectives,83. big large#4,test
Adjectives/83. big large/MVI_9318.MOV,83. big large,Adjectives,83. big large#4,test
Adjectives/83. big large/MVI_9394.MOV,83. big large,Adjectives,83. big large#5,test
Adjectives/83. big large/MVI_9395.MOV,83. big large,Adjectives,83. big large#5,test
Adjectives/83. big large/MVI_9396.MOV,83. big large,Adjectives,83. big large#5,test
Adjectives/83. big large/MVI_9475.MOV,83. big large,Adjectives,83. big large#6,test
Adjectives/83. big large/MVI_9476.MOV,83. big large,Adjectives,83. big large#6,test
Adjectives/83. big large/MVI_9477.MOV,83. big large,Adjectives,83. big large#6,test
Adjectives/84. small little/MVI_5126.MOV,84. small little,Adjectives,84. small little#0,train
Adjectives/84. small little/MVI_5127.MOV,84. small little,Adjectives,84. small little#0,train
Adjectives/84. small little/MVI_5128.MOV,84. small little,Adjectives,84. small little#0,train
Adjectives/84. small little/MVI_5206.MOV,84. small little,Adjectives,84. small little#1,val
Adjectives/84. small little/MVI_5207.MOV,84. small little,Adjectives,84. small little#1,val
Adjectives/84. small little/MVI_5208.MOV,84. small little,Adjectives,84. small little#1,val
Adjectives/84. small little/MVI_5286.MOV,84. small little,Adjectives,84. small little#2,train
Adjectives/84. small little/MVI_5287.MOV,84. small little,Adjectives,84. small little#2,train
Adjectives/84. small little/MVI_5288.MOV,84. small little,Adjectives,84. small little#2,train
Adjectives/84. small little/MVI_9236.MOV,84. small little,Adjectives,84. small little#3,test
Adjectives/84. small little/MVI_9237.MOV,84. small little,Adjectives,84. small little#3,test
Adjectives/84. small little/MVI_9238.MOV,84. small little,Adjectives,84. small little#3,test
Adjectives/84. small little/MVI_9319.MOV,84. small little,Adjectives,84. small little#4,test
Adjectives/84. small little/MVI_9320.MOV,84. small little,Adjectives,84. small little#4,test
Adjectives/84. small little/MVI_9321.MOV,84. small little,Adjectives,84. small little#4,test
Adjectives/84. small little/MVI_9397.MOV,84. small little,Adjectives,84. small little#5,test
Adjectives/84. small little/MVI_9398.MOV,84. small little,Adjectives,84. small little#5,test
Adjectives/84. small little/MVI_9400.MOV,84. small little,Adjectives,84. small little#5,test
Adjectives/84. small little/MVI_9478.MOV,84. small little,Adjectives,84. small little#6,test
Adjectives/84. small little/MVI_9479.MOV,84. small little,Adjectives,84. small little#6,test
Adjectives/84. small little/MVI_9480.MOV,84. small little,Adjectives,84. small little#6,test
Adjectives/87. hot/MVI_5136.MOV,87. hot,Adjectives,87. hot#0,val
Adjectives/87. hot/MVI_5137.MOV,87. hot,Adjectives,87. hot#0,val
Adjectives/87. hot/MVI_5138.MOV,87. hot,Adjectives,87. hot#0,val
Adjectives/87. hot/MVI_5216.MOV,87. hot,Adjectives,87. hot#1,train
Adjectives/87. hot/MVI_5217.MOV,87. hot,Adjectives,87. hot#1,train
Adjectives/87. hot/MVI_5218.MOV,87. hot,Adjectives,87. hot#1,train
Adjectives/87. hot/MVI_5295.MOV,87. hot,Adjectives,87. hot#2,train
Adjectives/87. hot/MVI_5296.MOV,87. hot,Adjectives,87. hot#2,train
Adjectives/87. hot/MVI_5297.MOV,87. hot,Adjectives,87. hot#2,train
Adjectives/87. hot/MVI_9247.MOV,87. hot,Adjectives,87. hot#3,test
Adjectives/87. hot/MVI_9248.MOV,87. hot,Adjectives,87. hot#3,test
Adjectives/87. hot/MVI_9249.MOV,87. hot,Adjectives,87. hot#3,test
Adjectives/87. hot/MVI_9328.MOV,87. hot,Adjectives,87. hot#4,test
Adjectives/87. hot/MVI_9329.MOV,87. hot,Adjectives,87. hot#4,test
Adjectives/87. hot/MVI_9330.MOV,87. hot,Adjectives,87. hot#4,test
Adjectives/87. hot/MVI_9408.MOV,87. hot,Adjectives,87. hot#5,test
Adjectives/87. hot/MVI_9409.MOV,87. hot,Adjectives,87. hot#5,test
Adjectives/87. hot/MVI_9410.MOV,87. hot,Adjectives,87. hot#5,test
Adjectives/87. hot/MVI_9487.MOV,87. hot,Adjectives,87. hot#6,test
Adjectives/87. hot/MVI_9488.MOV,87. hot,Adjectives,87. hot#6,test
Adjectives/87. hot/MVI_9489.MOV,87. hot,Adjectives,87. hot#6,test
Adjectives/91. new/MVI_5148.MOV,91. new,Adjectives,91. new#0,train
Adjectives/91. new/MVI_5150.MOV,91. new,Adjectives,91. new#0,train
Adjectives/91. new/MVI_5151.MOV,91. new,Adjectives,91. new#0,train
Adjectives/91. new/MVI_5229.MOV,91. new,Adjectives,91. new#1,val
Adjectives/91. new/MVI_5230.MOV,91. new,Adjectives,91. new#1,val
Adjectives/91. new/MVI_5231.MOV,91. new,Adjectives,91. new#1,val
Adjectives/91. new/MVI_5307.MOV,91. new,Adjectives,91. new#2,train
Adjectives/91. new/MVI_5308.MOV,91. new,Adjectives,91. new#2,train
Adjectives/91. new/MVI_5309.MOV,91. new,Adjectives,91. new#2,train
Adjectives/91. new/MVI_9259.MOV,91. new,Adjectives,91. new#3,test
Adjectives/91. new/MVI_9260.MOV,91. new,Adjectives,91. new#3,test
Adjectives/91. new/MVI_9261.MOV,91. new,Adjectives,91. new#3,test
Adjectives/91. new/MVI_9340.MOV,91. new,Adjectives,91. new#4,test
Adjectives/91. new/MVI_9341.MOV,91. new,Adjectives,91. new#4,test
Adjectives/91. new/MVI_9342.MOV,91. new,Adjectives,91. new#4,test
Adjectives/91. new/MVI_9421.MOV,91. new,Adjectives,91. new#5,test
Adjectives/91. new/MVI_9422.MOV,91. new,Adjectives,91. new#5,test
Adjectives/91. new/MVI_9423.MOV,91. new,Adjectives,91. new#5,test
Adjectives/91. new/MVI_9500.MOV,91. new,Adjectives,91. new#6,test
Adjectives/91. new/MVI_9501.MOV,91. new,Adjectives,91. new#6,test
Adjectives/91. new/MVI_9502.MOV,91. new,Adjectives,91. new#6,test
Adjectives/94. good/MVI_5158.MOV,94. good,Adjectives,94. good#0,train
Adjectives/94. good/MVI_5159.MOV,94. good,Adjectives,94. good#0,train
Adjectives/94. good/MVI_5160.MOV,94. good,Adjectives,94. good#0,train
Adjectives/94. good/MVI_5238.MOV,94. good,Adjectives,94. good#1,val
Adjectives/94. good/MVI_5239.MOV,94. good,Adjectives,94. good#1,val
Adjectives/94. good/MVI_5240.MOV,94. good,Adjectives,94. good#1,val
Adjectives/94. good/MVI_5316.MOV,94. good,Adjectives,94. good#2,train
Adjectives/94. good/MVI_5317.MOV,94. good,Adjectives,94. good#2,train
Adjectives/94. good/MVI_5318.MOV,94. good,Adjectives,94. good#2,train
Adjectives/94. good/MVI_9268.MOV,94. good,Adjectives,94. good#3,test
Adjectives/94. good/MVI_9269.MOV,94. good,Adjectives,94. good#3,test
Adjectives/94. good/MVI_9270.MOV,94. good,Adjectives,94. good#3,test
Adjectives/94. good/MVI_9349.MOV,94. good,Adjectives,94. good#4,test
Adjectives/94. good/MVI_9350.MOV,94. good,Adjectives,94. good#4,test
Adjectives/94. good/MVI_9351.MOV,94. good,Adjectives,94. good#4,test
Adjectives/94. good/MVI_9430.MOV,94. good,Adjectives,94. good#5,test
Adjectives/94. good/MVI_9431.MOV,94. good,Adjectives,94. good#5,test
Adjectives/94. good/MVI_9432.MOV,94. good,Adjectives,94. good#5,test
Adjectives/94. good/MVI_9510.MOV,94. good,Adjectives,94. good#6,test
Adjectives/94. good/MVI_9511.MOV,94. good,Adjectives,94. good#6,test
Adjectives/94. good/MVI_9512.MOV,94. good,Adjectives,94. good#6,test
Adjectives/97. dry/MVI_5167.MOV,97. dry,Adjectives,97. dry#0,train
Adjectives/97. dry/MVI_5168.MOV,97. dry,Adjectives,97. dry#0,train
Adjectives/97. dry/MVI_5169.MOV,97. dry,Adjectives,97. dry#0,train
Adjectives/97. dry/MVI_5248.MOV,97. dry,Adjectives,97. dry#1,train
Adjectives/97. dry/MVI_5249.MOV,97. dry,Adjectives,97. dry#1,train
Adjectives/97. dry/MVI_5250.MOV,97. dry,Adjectives,97. dry#1,train
Adjectives/97. dry/MVI_5326.MOV,97. dry,Adjectives,97. dry#2,val
Adjectives/97. dry/MVI_5327.MOV,97. dry,Adjectives,97. dry#2,val
Adjectives/97. dry/MVI_5328.MOV,97. dry,Adjectives,97. dry#2,val
Adjectives/97. dry/MVI_9277.MOV,97. dry,Adjectives,97. dry#3,test
Adjectives/97. dry/MVI_9278.MOV,97. dry,Adjectives,97. dry#3,test
Adjectives/97. dry/MVI_9279.MOV,97. dry,Adjectives,97. dry#3,test
Adjectives/97. dry/MVI_9359.MOV,97. dry,Adjectives,97. dry#4,test
Adjectives/97. dry/MVI_9360.MOV,97. dry,Adjectives,97. dry#4,test
Adjectives/97. dry/MVI_9361.MOV,97. dry,Adjectives,97. dry#4,test
Adjectives/97. dry/MVI_9439.MOV,97. dry,Adjectives,97. dry#5,test
Adjectives/97. dry/MVI_9440.MOV,97. dry,Adjectives,97. dry#5,test
Adjectives/97. dry/MVI_9441.MOV,97. dry,Adjectives,97. dry#5,test
Adjectives/97. dry/MVI_9521.MOV,97. dry,Adjectives,97. dry#6,test
Adjectives/97. dry/MVI_9522.MOV,97. dry,Adjectives,97. dry#6,test
Adjectives/97. dry/MVI_9523.MOV,97. dry,Adjectives,97. dry#6,test
Animals/1. Dog/MVI_2978.MOV,1. Dog,Animals,1. Dog#0,train
Animals/1. Dog/MVI_2979.MOV,1. Dog,Animals,1. Dog#0,train
Animals/1. Dog/MVI_2980.MOV,1. Dog,Animals,1. Dog#0,train
Animals/1. Dog/MVI_3002.MOV,1. Dog,Animals,1. Dog#1,train
Animals/1. Dog/MVI_3003.MOV,1. Dog,Animals,1. Dog#1,train
Animals/1. Dog/MVI_3004.MOV,1. Dog,Animals,1. Dog#1,train
Animals/1. Dog/MVI_3028.MOV,1. Dog,Animals,1. Dog#2,train
Animals/1. Dog/MVI_3029.MOV,1. Dog,Animals,1. Dog#2,train
Animals/1. Dog/MVI_3030.MOV,1. Dog,Animals,1. Dog#2,train
Animals/1. Dog/MVI_3059.MOV,1. Dog,Animals,1. Dog#3,train
Animals/1. Dog/MVI_3060.MOV,1. Dog,Animals,1. Dog#3,train
Animals/1. Dog/MVI_3061.MOV,1. Dog,Animals,1. Dog#3,train
Animals/1. Dog/MVI_3085.MOV,1. Dog,Animals,1. Dog#4,train
Animals/1. Dog/MVI_3086.MOV,1. Dog,Animals,1. Dog#4,train
Animals/1. Dog/MVI_3087.MOV,1. Dog,Animals,1. Dog#4,train
Animals/1. Dog/MVI_4146.MOV,1. Dog,Animals,1. Dog#5,val
Animals/1. Dog/MVI_4147.MOV,1. Dog,Animals,1. Dog#5,val
Animals/1. Dog/MVI_4148.MOV,1. Dog,Animals,1. Dog#5,val
Animals/1. Dog/MVI_8560.MP4,1. Dog,Animals,1. Dog#6,test
Animals/1. Dog/MVI_8561.MP4,1. Dog,Animals,1. Dog#6,test
Animals/4. Bird/MVI_2987.MOV,4. Bird,Animals,4. Bird#0,val
Animals/4. Bird/MVI_2988.MOV,4. Bird,Animals,4. Bird#0,val
Animals/4. Bird/MVI_2989.MOV,4. Bird,Animals,4. Bird#0,val
Animals/4. Bird/MVI_3011.MOV,4. Bird,Animals,4. Bird#1,train
Animals/4. Bird/MVI_3012.MOV,4. Bird,Animals,4. Bird#1,train
Animals/4. Bird/MVI_3013.MOV,4. Bird,Animals,4. Bird#1,train
Animals/4. Bird/MVI_3037.MOV,4. Bird,Animals,4. Bird#2,train
Animals/4. Bird/MVI_3038.MOV,4. Bird,Animals,4. Bird#2,train
Animals/4. Bird/MVI_3040.MOV,4. Bird,Animals,4. Bird#2,train
Animals/4. Bird/MVI_3070.MOV,4. Bird,Animals,4. Bird#3,train
Animals/4. Bird/MVI_3071.MOV,4. Bird,Animals,4. Bird#3,train
Animals/4. Bird/MVI_3072.MOV,4. Bird,Animals,4. Bird#3,train
Animals/4. Bird/MVI_3094.MOV,4. Bird,Animals,4. Bird#4,train
Animals/4. Bird/MVI_3095.MOV,4. Bird,Animals,4. Bird#4,train
Animals/4. Bird/MVI_3096.MOV,4. Bird,Animals,4. Bird#4,train
Animals/4. Bird/MVI_4155.MOV,4. Bird,Animals,4. Bird#5,train
Animals/4. Bird/MVI_4156.MOV,4. Bird,Animals,4. Bird#5,train
Animals/4. Bird/MVI_4157.MOV,4. Bird,Animals,4. Bird#5,train
Animals/4. Bird/MVI_8567.MP4,4. Bird,Animals,4. Bird#6,test
Animals/4. Bird/MVI_8568.MP4,4. Bird,Animals,4. Bird#6,test
Animals/5. Cow/MVI_2990.MOV,5. Cow,Animals,5. Cow#0,train
Animals/5. Cow/MVI_2991.MOV,5. Cow,Animals,5. Cow#0,train
Animals/5. Cow/MVI_2992.MOV,5. Cow,Animals,5. Cow#0,train
Animals/5. Cow/MVI_3015.MOV,5. Cow,Animals,5. Cow#1,train
Animals/5. Cow/MVI_3016.MOV,5. Cow,Animals,5. Cow#1,train
Animals/5. Cow/MVI_3017.MOV,5. Cow,Animals,5. Cow#1,train
Animals/5. Cow/MVI_3046.MOV,5. Cow,Animals,5. Cow#2,train
Animals/5. Cow/MVI_3047.MOV,5. Cow,Animals,5. Cow#2,train
Animals/5. Cow/MVI_3048.MOV,5. Cow,Animals,5. Cow#2,train
Animals/5. Cow/MVI_3049.MOV,5. Cow,Animals,5. Cow#2,train
Animals/5. Cow/MVI_3073.MOV,5. Cow,Animals,5. Cow#3,val
Animals/5. Cow/MVI_3074.MOV,5. Cow,Animals,5. Cow#3,val
Animals/5. Cow/MVI_3075.MOV,5. Cow,Animals,5. Cow#3,val
Animals/5. Cow/MVI_3097.MOV,5. Cow,Animals,5. Cow#4,train
Animals/5. Cow/MVI_3098.MOV,5. Cow,Animals,5. Cow#4,train
Animals/5. Cow/MVI_3099.MOV,5. Cow,Animals,5. Cow#4,train
Animals/5. Cow/MVI_4158.MOV,5. Cow,Animals,5. Cow#5,train
Animals/5. Cow/MVI_4159.MOV,5. Cow,Animals,5. Cow#5,train
Animals/5. Cow/MVI_4160.MOV,5. Cow,Animals,5. Cow#5,train
Animals/5. Cow/MVI_8569.MP4,5. Cow,Animals,5. Cow#6,test
Animals/5. Cow/MVI_8570.MP4,5. Cow,Animals,5. Cow#6,test
Clothes/37. Hat/MVI_3688.MOV,37. Hat,Clothes,37. Hat#0,train
Clothes/37. Hat/MVI_3690.MOV,37. Hat,Clothes,37. Hat#0,train
Clothes/37. Hat/MVI_3691.MOV,37. Hat,Clothes,37. Hat#0,train
Clothes/37. Hat/MVI_3835.MOV,37. Hat,Clothes,37. Hat#1,train
Clothes/37. Hat/MVI_3836.MOV,37. Hat,Clothes,37. Hat#1,train
Clothes/37. Hat/MVI_3837.MOV,37. Hat,Clothes,37. Hat#1,train
Clothes/37. Hat/MVI_3984.MOV,37. Hat,Clothes,37. Hat#2,val
Clothes/37. Hat/MVI_3985.MOV,37. Hat,Clothes,37. Hat#2,val
Clothes/37. Hat/MVI_3986.MOV,37. Hat,Clothes,37. Hat#2,val
Clothes/37. Hat/MVI_4197.MOV,37. Hat,Clothes,37. Hat#3,train
Clothes/37. Hat/MVI_4865.MOV,37. Hat,Clothes,37. Hat#4,train
Clothes/37. Hat/MVI_4866.MOV,37. Hat,Clothes,37. Hat#4,train
Clothes/37. Hat/MVI_4867.MOV,37. Hat,Clothes,37. Hat#4,train
Clothes/37. Hat/MVI_5006.MOV,37. Hat,Clothes,37. Hat#5,train
Clothes/37. Hat/MVI_5007.MOV,37. Hat,Clothes,37. Hat#5,train
Clothes/37. Hat/MVI_5008.MOV,37. Hat,Clothes,37. Hat#5,train
Clothes/37. Hat/MVI_5154.MOV,37. Hat,Clothes,37. Hat#6,train
Clothes/37. Hat/MVI_5155.MOV,37. Hat,Clothes,37. Hat#6,train
Clothes/37. Hat/MVI_5156.MOV,37. Hat,Clothes,37. Hat#6,train
Clothes/37. Hat/MVI_8600.MP4,37. Hat,Clothes,37. Hat#7,test
Clothes/42. T-Shirt/MVI_3704.MOV,42. T-Shirt,Clothes,42. T-Shirt#0,val
Clothes/42. T-Shirt/MVI_3705.MOV,42. T-Shirt,Clothes,42. T-Shirt#0,val
Clothes/42. T-Shirt/MVI_3706.MOV,42. T-Shirt,Clothes,42. T-Shirt#0,val
Clothes/42. T-Shirt/MVI_3850.MOV,42. T-Shirt,Clothes,42. T-Shirt#1,train
Clothes/42. T-Shirt/MVI_3851.MOV,42. T-Shirt,Clothes,42. T-Shirt#1,train
Clothes/42. T-Shirt/MVI_3852.MOV,42. T-Shirt,Clothes,42. T-Shirt#1,train
Clothes/42. T-Shirt/MVI_4002.MOV,42. T-Shirt,Clothes,42. T-Shirt#2,train
Clothes/42. T-Shirt/MVI_4003.MOV,42. T-Shirt,Clothes,42. T-Shirt#2,train
Clothes/42. T-Shirt/MVI_4004.MOV,42. T-Shirt,Clothes,42. T-Shirt#2,train
Clothes/42. T-Shirt/MVI_4202.MOV,42. T-Shirt,Clothes,42. T-Shirt#3,train
Clothes/42. T-Shirt/MVI_4881.MOV,42. T-Shirt,Clothes,42. T-Shirt#4,train
Clothes/42. T-Shirt/MVI_4882.MOV,42. T-Shirt,Clothes,42. T-Shirt#4,train
Clothes/42. T-Shirt/MVI_4883.MOV,42. T-Shirt,Clothes,42. T-Shirt#4,train
Clothes/42. T-Shirt/MVI_5021.MOV,42. T-Shirt,Clothes,42. T-Shirt#5,train
Clothes/42. T-Shirt/MVI_5022.MOV,42. T-Shirt,Clothes,42. T-Shirt#5,train
Clothes/42. T-Shirt/MVI_5023.MOV,42. T-Shirt,Clothes,42. T-Shirt#5,train
Clothes/42. T-Shirt/MVI_5169.MOV,42. T-Shirt,Clothes,42. T-Shirt#6,train
Clothes/42. T-Shirt/MVI_5170.MOV,42. T-Shirt,Clothes,42. T-Shirt#6,train
Clothes/42. T-Shirt/MVI_5171.MOV,42. T-Shirt,Clothes,42. T-Shirt#6,train
Clothes/42. T-Shirt/MVI_8606.MP4,42. T-Shirt,Clothes,42. T-Shirt#7,test
Clothes/44. Shoes/MVI_3710.MOV,44. Shoes,Clothes,44. Shoes#0,train
Clothes/44. Shoes/MVI_3711.MOV,44. Shoes,Clothes,44. Shoes#0,train
Clothes/44. Shoes/MVI_3712.MOV,44. Shoes,Clothes,44. Shoes#0,train
Clothes/44. Shoes/MVI_3856.MOV,44. Shoes,Clothes,44. Shoes#1,train
Clothes/44. Shoes/MVI_3857.MOV,44. Shoes,Clothes,44. Shoes#1,train
Clothes/44. Shoes/MVI_3858.MOV,44. Shoes,Clothes,44. Shoes#1,train
Clothes/44. Shoes/MVI_4008.MOV,44. Shoes,Clothes,44. Shoes#2,train
Clothes/44. Shoes/MVI_4009.MOV,44. Shoes,Clothes,44. Shoes#2,train
Clothes/44. Shoes/MVI_4010.MOV,44. Shoes,Clothes,44. Shoes#2,train
Clothes/44. Shoes/MVI_4204.MOV,44. Shoes,Clothes,44. Shoes#3,val
Clothes/44. Shoes/MVI_4887.MOV,44. Shoes,Clothes,44. Shoes#4,train
Clothes/44. Shoes/MVI_4888.MOV,44. Shoes,Clothes,44. Shoes#4,train
Clothes/44. Shoes/MVI_4889.MOV,44. Shoes,Clothes,44. Shoes#4,train
Clothes/44. Shoes/MVI_5028.MOV,44. Shoes,Clothes,44. Shoes#5,train
Clothes/44. Shoes/MVI_5029.MOV,44. Shoes,Clothes,44. Shoes#5,train
Clothes/44. Shoes/MVI_5030.MOV,44. Shoes,Clothes,44. Shoes#5,train
Clothes/44. Shoes/MVI_5175.MOV,44. Shoes,Clothes,44. Shoes#6,train
Clothes/44. Shoes/MVI_5176.MOV,44. Shoes,Clothes,44. Shoes#6,train
Clothes/44. Shoes/MVI_5177.MOV,44. Shoes,Clothes,44. Shoes#6,train
Clothes/44. Shoes/MVI_8608.MP4,44. Shoes,Clothes,44. Shoes#7,test
Colours/47. Red/MVI_3719.MOV,47. Red,Colours,47. Red#0,val
Colours/47. Red/MVI_3720.MOV,47. Red,Colours,47. Red#0,val
Colours/47. Red/MVI_3721.MOV,47. Red,Colours,47. Red#0,val
Colours/47. Red/MVI_3866.MOV,47. Red,Colours,47. Red#1,train
Colours/47. Red/MVI_3867.MOV,47. Red,Colours,47. Red#1,train
Colours/47. Red/MVI_3868.MOV,47. Red,Colours,47. Red#1,train
Colours/47. Red/MVI_4017.MOV,47. Red,Colours,47. Red#2,train
Colours/47. Red/MVI_4018.MOV,47. Red,Colours,47. Red#2,train
Colours/47. Red/MVI_4019.MOV,47. Red,Colours,47. Red#2,train
Colours/47. Red/MVI_4207.MOV,47. Red,Colours,47. Red#3,train
Colours/47. Red/MVI_4897.MOV,47. Red,Colours,47. Red#4,train
Colours/47. Red/MVI_4898.MOV,47. Red,Colours,47. Red#4,train
Colours/47. Red/MVI_4899.MOV,47. Red,Colours,47. Red#4,train
Colours/47. Red/MVI_5037.MOV,47. Red,Colours,47. Red#5,train
Colours/47. Red/MVI_5038.MOV,47. Red,Colours,47. Red#5,train
Colours/47. Red/MVI_5039.MOV,47. Red,Colours,47. Red#5,train
Colours/47. Red/MVI_5184.MOV,47. Red,Colours,47. Red#6,train
Colours/47. Red/MVI_5185.MOV,47. Red,Colours,47. Red#6,train
Colours/47. Red/MVI_5186.MOV,47. Red,Colours,47. Red#6,train
Colours/47. Red/MVI_8612.MP4,47. Red,Colours,47. Red#7,test
Colours/54. Black/MVI_3740.MOV,54. Black,Colours,54. Black#0,train
Colours/54. Black/MVI_3741.MOV,54. Black,Colours,54. Black#0,train
Colours/54. Black/MVI_3742.MOV,54. Black,Colours,54. Black#0,train
Colours/54. Black/MVI_3887.MOV,54. Black,Colours,54. Black#1,train
Colours/54. Black/MVI_3888.MOV,54. Black,Colours,54. Black#1,train
Colours/54. Black/MVI_3889.MOV,54. Black,Colours,54. Black#1,train
Colours/54. Black/MVI_4039.MOV,54. Black,Colours,54. Black#2,train
Colours/54. Black/MVI_4040.MOV,54. Black,Colours,54. Black#2,train
Colours/54. Black/MVI_4041.MOV,54. Black,Colours,54. Black#2,train
Colours/54. Black/MVI_4215.MOV,54. Black,Colours,54. Black#3,train
Colours/54. Black/MVI_4918.MOV,54. Black,Colours,54. Black#4,val
Colours/54. Black/MVI_4919.MOV,54. Black,Colours,54. Black#4,val
Colours/54. Black/MVI_4920.MOV,54. Black,Colours,54. Black#4,val
Colours/54. Black/MVI_5058.MOV,54. Black,Colours,54. Black#5,train
Colours/54. Black/MVI_5059.MOV,54. Black,Colours,54. Black#5,train
Colours/54. Black/MVI_5060.MOV,54. Black,Colours,54. Black#5,train
Colours/54. Black/MVI_5206.MOV,54. Black,Colours,54. Black#6,train
Colours/54. Black/MVI_5207.MOV,54. Black,Colours,54. Black#6,train
Colours/54. Black/MVI_5208.MOV,54. Black,Colours,54. Black#6,train
Colours/54. Black/MVI_8619.MP4,54. Black,Colours,54. Black#7,test
Colours/55. White/MVI_3743.MOV,55. White,Colours,55. White#0,train
Colours/55. White/MVI_3744.MOV,55. White,Colours,55. White#0,train
Colours/55. White/MVI_3745.MOV,55. White,Colours,55. White#0,train
Colours/55. White/MVI_3890.MOV,55. White,Colours,55. White#1,train
Colours/55. White/MVI_3891.MOV,55. White,Colours,55. White#1,train
Colours/55. White/MVI_3892.MOV,55. White,Colours,55. White#1,train
Colours/55. White/MVI_4042.MOV,55. White,Colours,55. White#2,train
Colours/55. White/MVI_4043.MOV,55. White,Colours,55. White#2,train
Colours/55. White/MVI_4044.MOV,55. White,Colours,55. White#2,train
Colours/55. White/MVI_4216.MOV,55. White,Colours,55. White#3,train
Colours/55. White/MVI_4921.MOV,55. White,Colours,55. White#4,train
Colours/55. White/MVI_4922.MOV,55. White,Colours,55. White#4,train
Colours/55. White/MVI_4923.MOV,55. White,Colours,55. White#4,train
Colours/55. White/MVI_5061.MOV,55. White,Colours,55. White#5,train
Colours/55. White/MVI_5062.MOV,55. White,Colours,55. White#5,train
Colours/55. White/MVI_5063.MOV,55. White,Colours,55. White#5,train
Colours/55. White/MVI_5209.MOV,55. White,Colours,55. White#6,val
Colours/55. White/MVI_5210.MOV,55. White,Colours,55. White#6,val
Colours/55. White/MVI_5211.MOV,55. White,Colours,55. White#6,val
Colours/55. White/MVI_8620.MP4,55. White,Colours,55. White#7,test
Days_and_Time/67. Monday/MVI_4591.MOV,67. Monday,Days_and_Time,67. Monday#0,train
Days_and_Time/67. Monday/MVI_4592.MOV,67. Monday,Days_and_Time,67. Monday#0,train
Days_and_Time/67. Monday/MVI_4593.MOV,67. Monday,Days_and_Time,67. Monday#0,train
Days_and_Time/67. Monday/MVI_4594.MOV,67. Monday,Days_and_Time,67. Monday#0,train
Days_and_Time/67. Monday/MVI_5009.MOV,67. Monday,Days_and_Time,67. Monday#1,train
Days_and_Time/67. Monday/MVI_5010.MOV,67. Monday,Days_and_Time,67. Monday#1,train
Days_and_Time/67. Monday/MVI_5011.MOV,67. Monday,Days_and_Time,67. Monday#1,train
Days_and_Time/67. Monday/MVI_5446.MOV,67. Monday,Days_and_Time,67. Monday#2,val
Days_and_Time/67. Monday/MVI_5447.MOV,67. Monday,Days_and_Time,67. Monday#2,val
Days_and_Time/67. Monday/MVI_5448.MOV,67. Monday,Days_and_Time,67. Monday#2,val
Days_and_Time/67. Monday/MVI_5449.MOV,67. Monday,Days_and_Time,67. Monday#2,val
Days_and_Time/67. Monday/MVI_9142.MP4,67. Monday,Days_and_Time,67. Monday#3,test
Days_and_Time/67. Monday/MVI_9143.MP4,67. Monday,Days_and_Time,67. Monday#3,test
Days_and_Time/67. Monday/MVI_9144.MP4,67. Monday,Days_and_Time,67. Monday#3,test
Days_and_Time/78. Year/MVI_4635.MOV,78. Year,Days_and_Time,78. Year#0,train
Days_and_Time/78. Year/MVI_4636.MOV,78. Year,Days_and_Time,78. Year#0,train
Days_and_Time/78. Year/MVI_4637.MOV,78. Year,Days_and_Time,78. Year#0,train
Days_and_Time/78. Year/MVI_4638.MOV,78. Year,Days_and_Time,78. Year#0,train
Days_and_Time/78. Year/MVI_5047.MOV,78. Year,Days_and_Time,78. Year#1,train
Days_and_Time/78. Year/MVI_5048.MOV,78. Year,Days_and_Time,78. Year#1,train
Days_and_Time/78. Year/MVI_5049.MOV,78. Year,Days_and_Time,78. Year#1,train
Days_and_Time/78. Year/MVI_5491.MOV,78. Year,Days_and_Time,78. Year#2,val
Days_and_Time/78. Year/MVI_5492.MOV,78. Year,Days_and_Time,78. Year#2,val
Days_and_Time/78. Year/MVI_5493.MOV,78. Year,Days_and_Time,78. Year#2,val
Days_and_Time/78. Year/MVI_5494.MOV,78. Year,Days_and_Time,78. Year#2,val
Days_and_Time/78. Year/MVI_9175.MP4,78. Year,Days_and_Time,78. Year#3,test
Days_and_Time/78. Year/MVI_9176.MP4,78. Year,Days_and_Time,78. Year#3,test
Days_and_Time/78. Year/MVI_9177.MP4,78. Year,Days_and_Time,78. Year#3,test
Days_and_Time/78. Year/MVI_9178.MP4,78. Year,Days_and_Time,78. Year#3,test
Days_and_Time/86. Time/MVI_4667.MOV,86. Time,Days_and_Time,86. Time#0,train
Days_and_Time/86. Time/MVI_4668.MOV,86. Time,Days_and_Time,86. Time#0,train
Days_and_Time/86. Time/MVI_4669.MOV,86. Time,Days_and_Time,86. Time#0,train
Days_and_Time/86. Time/MVI_4670.MOV,86. Time,Days_and_Time,86. Time#0,train
Days_and_Time/86. Time/MVI_5077.MOV,86. Time,Days_and_Time,86. Time#1,train
Days_and_Time/86. Time/MVI_5078.MOV,86. Time,Days_and_Time,86. Time#1,train
Days_and_Time/86. Time/MVI_5079.MOV,86. Time,Days_and_Time,86. Time#1,train
Days_and_Time/86. Time/MVI_5524.MOV,86. Time,Days_and_Time,86. Time#2,val
Days_and_Time/86. Time/MVI_5525.MOV,86. Time,Days_and_Time,86. Time#2,val
Days_and_Time/86. Time/MVI_5526.MOV,86. Time,Days_and_Time,86. Time#2,val
Days_and_Time/86. Time/MVI_5527.MOV,86. Time,Days_and_Time,86. Time#2,val
Days_and_Time/86. Time/MVI_9201.MP4,86. Time,Days_and_Time,86. Time#3,test
Days_and_Time/86. Time/MVI_9202.MP4,86. Time,Days_and_Time,86. Time#3,test
Days_and_Time/86. Time/MVI_9203.MP4,86. Time,Days_and_Time,86. Time#3,test
Days_and_Time/86. Time/MVI_9204.MP4,86. Time,Days_and_Time,86. Time#3,test
Electronics/53. Fan/MVI_4532.MOV,53. Fan,Electronics,53. Fan#0,train
Electronics/53. Fan/MVI_4533.MOV,53. Fan,Electronics,53. Fan#0,train
Electronics/53. Fan/MVI_4534.MOV,53. Fan,Electronics,53. Fan#0,train
Electronics/53. Fan/MVI_4535.MOV,53. Fan,Electronics,53. Fan#0,train
Electronics/53. Fan/MVI_4536.MOV,53. Fan,Electronics,53. Fan#0,train
Electronics/53. Fan/MVI_4964.MOV,53. Fan,Electronics,53. Fan#1,val
Electronics/53. Fan/MVI_4965.MOV,53. Fan,Electronics,53. Fan#1,val
Electronics/53. Fan/MVI_4966.MOV,53. Fan,Electronics,53. Fan#1,val
Electronics/53. Fan/MVI_5387.MOV,53. Fan,Electronics,53. Fan#2,train
Electronics/53. Fan/MVI_5388.MOV,53. Fan,Electronics,53. Fan#2,train
Electronics/53. Fan/MVI_5389.MOV,53. Fan,Electronics,53. Fan#2,train
Electronics/53. Fan/MVI_5390.MOV,53. Fan,Electronics,53. Fan#2,train
Electronics/53. Fan/MVI_9097.MP4,53. Fan,Electronics,53. Fan#3,test
Electronics/53. Fan/MVI_9098.MP4,53. Fan,Electronics,53. Fan#3,test
Electronics/53. Fan/MVI_9099.MP4,53. Fan,Electronics,53. Fan#3,test
Electronics/54. Cell phone/MVI_4537.MOV,54. Cell phone,Electronics,54. Cell phone#0,val
Electronics/54. Cell phone/MVI_4538.MOV,54. Cell phone,Electronics,54. Cell phone#0,val
Electronics/54. Cell phone/MVI_4539.MOV,54. Cell phone,Electronics,54. Cell phone#0,val
Electronics/54. Cell phone/MVI_4540.MOV,54. Cell phone,Electronics,54. Cell phone#0,val
Electronics/54. Cell phone/MVI_4967.MOV,54. Cell phone,Electronics,54. Cell phone#1,train
Electronics/54. Cell phone/MVI_4968.MOV,54. Cell phone,Electronics,54. Cell phone#1,train
Electronics/54. Cell phone/MVI_4969.MOV,54. Cell phone,Electronics,54. Cell phone#1,train
Electronics/54. Cell phone/MVI_5391.MOV,54. Cell phone,Electronics,54. Cell phone#2,train
Electronics/54. Cell phone/MVI_5392.MOV,54. Cell phone,Electronics,54. Cell phone#2,train
Electronics/54. Cell phone/MVI_5393.MOV,54. Cell phone,Electronics,54. Cell phone#2,train
Electronics/54. Cell phone/MVI_5394.MOV,54. Cell phone,Electronics,54. Cell phone#2,train
Electronics/54. Cell phone/MVI_9100.MP4,54. Cell phone,Electronics,54. Cell phone#3,test
Electronics/54. Cell phone/MVI_9101.MP4,54. Cell phone,Electronics,54. Cell phone#3,test
Electronics/54. Cell phone/MVI_9102.MP4,54. Cell phone,Electronics,54. Cell phone#3,test
Greetings/48. Hello/MVI_0029.MOV,48. Hello,Greetings,48. Hello#0,test
Greetings/48. Hello/MVI_0030.MOV,48. Hello,Greetings,48. Hello#0,test
Greetings/48. Hello/MVI_0031.MOV,48. Hello,Greetings,48. Hello#0,test
Greetings/48. Hello/MVI_0032.MOV,48. Hello,Greetings,48. Hello#0,test
Greetings/48. Hello/MVI_0037.MOV,48. Hello,Greetings,48. Hello#0,test
Greetings/48. Hello/MVI_0038.MOV,48. Hello,Greetings,48. Hello#0,test
Greetings/48. Hello/MVI_0039.MOV,48. Hello,Greetings,48. Hello#0,test
Greetings/48. Hello/MVI_0089.MOV,48. Hello,Greetings,48. Hello#1,test
Greetings/48. Hello/MVI_0090.MOV,48. Hello,Greetings,48. Hello#1,test
Greetings/48. Hello/MVI_0091.MOV,48. Hello,Greetings,48. Hello#1,test
Greetings/48. Hello/MVI_9914.MOV,48. Hello,Greetings,48. Hello#2,train
Greetings/48. Hello/MVI_9915.MOV,48. Hello,Greetings,48. Hello#2,train
Greetings/48. Hello/MVI_9916.MOV,48. Hello,Greetings,48. Hello#2,train
Greetings/48. Hello/MVI_9917.MOV,48. Hello,Greetings,48. Hello#2,train
Greetings/48. Hello/MVI_9954.MOV,48. Hello,Greetings,48. Hello#3,train
Greetings/48. Hello/MVI_9955.MOV,48. Hello,Greetings,48. Hello#3,train
Greetings/48. Hello/MVI_9956.MOV,48. Hello,Greetings,48. Hello#3,train
Greetings/48. Hello/MVI_9957.MOV,48. Hello,Greetings,48. Hello#3,train
Greetings/48. Hello/MVI_9982.MOV,48. Hello,Greetings,48. Hello#4,val
Greetings/48. Hello/MVI_9983.MOV,48. Hello,Greetings,48. Hello#4,val
Greetings/48. Hello/MVI_9984.MOV,48. Hello,Greetings,48. Hello#4,val
Greetings/51. Good Morning/MVI_0042.MOV,51. Good Morning,Greetings,51. Good Morning#0,test
Greetings/51. Good Morning/MVI_0043.MOV,51. Good Morning,Greetings,51. Good Morning#0,test
Greetings/51. Good Morning/MVI_0044.MOV,51. Good Morning,Greetings,51. Good Morning#0,test
Greetings/51. Good Morning/MVI_0045.MOV,51. Good Morning,Greetings,51. Good Morning#0,test
Greetings/51. Good Morning/MVI_0046.MOV,51. Good Morning,Greetings,51. Good Morning#0,test
Greetings/51. Good Morning/MVI_0047.MOV,51. Good Morning,Greetings,51. Good Morning#0,test
Greetings/51. Good Morning/MVI_0048.MOV,51. Good Morning,Greetings,51. Good Morning#0,test
Greetings/51. Good Morning/MVI_0098.MOV,51. Good Morning,Greetings,51. Good Morning#1,test
Greetings/51. Good Morning/MVI_0099.MOV,51. Good Morning,Greetings,51. Good Morning#1,test
Greetings/51. Good Morning/MVI_0100.MOV,51. Good Morning,Greetings,51. Good Morning#1,test
Greetings/51. Good Morning/MVI_9932.MOV,51. Good Morning,Greetings,51. Good Morning#2,train
Greetings/51. Good Morning/MVI_9933.MOV,51. Good Morning,Greetings,51. Good Morning#2,train
Greetings/51. Good Morning/MVI_9934.MOV,51. Good Morning,Greetings,51. Good Morning#2,train
Greetings/51. Good Morning/MVI_9935.MOV,51. Good Morning,Greetings,51. Good Morning#2,train
Greetings/51. Good Morning/MVI_9968.MOV,51. Good Morning,Greetings,51. Good Morning#3,val
Greetings/51. Good Morning/MVI_9969.MOV,51. Good Morning,Greetings,51. Good Morning#3,val
Greetings/51. Good Morning/MVI_9970.MOV,51. Good Morning,Greetings,51. Good Morning#3,val
Greetings/51. Good Morning/MVI_9971.MOV,51. Good Morning,Greetings,51. Good Morning#3,val
Greetings/51. Good Morning/MVI_9991.MOV,51. Good Morning,Greetings,51. Good Morning#4,train
Greetings/51. Good Morning/MVI_9992.MOV,51. Good Morning,Greetings,51. Good Morning#4,train
Greetings/51. Good Morning/MVI_9993.MOV,51. Good Morning,Greetings,51. Good Morning#4,train
Greetings/55. Thank you/MVI_0006.MOV,55. Thank you,Greetings,55. Thank you#0,unused
Greetings/55. Thank you/MVI_0007.MOV,55. Thank you,Greetings,55. Thank you#0,unused
Greetings/55. Thank you/MVI_0008.MOV,55. Thank you,Greetings,55. Thank you#0,unused
Greetings/55. Thank you/MVI_0058.MOV,55. Thank you,Greetings,55. Thank you#1,unused
Greetings/55. Thank you/MVI_0059.MOV,55. Thank you,Greetings,55. Thank you#1,unused
Greetings/55. Thank you/MVI_0060.MOV,55. Thank you,Greetings,55. Thank you#1,unused
Greetings/55. Thank you/MVI_0060_.MOV,55. Thank you,Greetings,55. Thank you#1,unused
Greetings/55. Thank you/MVI_0061.MOV,55. Thank you,Greetings,55. Thank you#1,unused
Greetings/55. Thank you/MVI_0062.MOV,55. Thank you,Greetings,55. Thank you#1,unused
Greetings/55. Thank you/MVI_0063.MOV,55. Thank you,Greetings,55. Thank you#1,unused
Greetings/55. Thank you/MVI_0111.MOV,55. Thank you,Greetings,55. Thank you#2,unused
Greetings/55. Thank you/MVI_0112.MOV,55. Thank you,Greetings,55. Thank you#2,unused
Greetings/55. Thank you/MVI_0113.MOV,55. Thank you,Greetings,55. Thank you#2,unused
Greetings/55. Thank you/MVI_9948.MOV,55. Thank you,Greetings,55. Thank you#3,val
Greetings/55. Thank you/MVI_9949.MOV,55. Thank you,Greetings,55. Thank you#3,val
Greetings/55. Thank you/MVI_9950.MOV,55. Thank you,Greetings,55. Thank you#3,val
Greetings/55. Thank you/MVI_9951.MOV,55. Thank you,Greetings,55. Thank you#3,val
Greetings/55. Thank you/MVI_9984.MOV,55. Thank you,Greetings,55. Thank you#4,train
Greetings/55. Thank you/MVI_9985.MOV,55. Thank you,Greetings,55. Thank you#4,train
Greetings/55. Thank you/MVI_9986.MOV,55. Thank you,Greetings,55. Thank you#4,train
Greetings/55. Thank you/MVI_9987.MOV,55. Thank you,Greetings,55. Thank you#4,train
Home/28. Window/MVI_4362.MOV,28. Window,Home,28. Window#0,val
Home/28. Window/MVI_4363.MOV,28. Window,Home,28. Window#0,val
Home/28. Window/MVI_4364.MOV,28. Window,Home,28. Window#0,val
Home/28. Window/MVI_4365.MOV,28. Window,Home,28. Window#0,val
Home/28. Window/MVI_4881.MOV,28. Window,Home,28. Window#1,train
Home/28. Window/MVI_4882.MOV,28. Window,Home,28. Window#1,train
Home/28. Window/MVI_4883.MOV,28. Window,Home,28. Window#1,train
Home/28. Window/MVI_8766.MP4,28. Window,Home,28. Window#2,test
Home/28. Window/MVI_8767.MP4,28. Window,Home,28. Window#2,test
Home/28. Window/MVI_8768.MP4,28. Window,Home,28. Window#2,test
Home/28. Window/MVI_8769.MP4,28. Window,Home,28. Window#2,test
Home/28. Window/MVI_9013.MP4,28. Window,Home,28. Window#3,train
Home/28. Window/MVI_9014.MP4,28. Window,Home,28. Window#3,train
Home/28. Window/MVI_9015.MP4,28. Window,Home,28. Window#3,train
Home/34. Pen/MVI_4387.MOV,34. Pen,Home,34. Pen#0,val
Home/34. Pen/MVI_4388.MOV,34. Pen,Home,34. Pen#0,val
Home/34. Pen/MVI_4389.MOV,34. Pen,Home,34. Pen#0,val
Home/34. Pen/MVI_4390.MOV,34. Pen,Home,34. Pen#0,val
Home/34. Pen/MVI_4906.MOV,34. Pen,Home,34. Pen#1,train
Home/34. Pen/MVI_4907.MOV,34. Pen,Home,34. Pen#1,train
Home/34. Pen/MVI_4908.MOV,34. Pen,Home,34. Pen#1,train
Home/34. Pen/MVI_8791.MP4,34. Pen,Home,34. Pen#2,test
Home/34. Pen/MVI_8793.MP4,34. Pen,Home,34. Pen#2,test
Home/34. Pen/MVI_8794.MP4,34. Pen,Home,34. Pen#2,test
Home/34. Pen/MVI_8795.MP4,34. Pen,Home,34. Pen#2,test
Home/34. Pen/MVI_9032.MP4,34. Pen,Home,34. Pen#3,train
Home/34. Pen/MVI_9033.MP4,34. Pen,Home,34. Pen#3,train
Home/34. Pen/MVI_9034.MP4,34. Pen,Home,34. Pen#3,train
Home/40. Paint/MVI_4412.MOV,40. Paint,Home,40. Paint#0,val
Home/40. Paint/MVI_4413.MOV,40. Paint,Home,40. Paint#0,val
Home/40. Paint/MVI_4414.MOV,40. Paint,Home,40. Paint#0,val
Home/40. Paint/MVI_4415.MOV,40. Paint,Home,40. Paint#0,val
Home/40. Paint/MVI_4926.MOV,40. Paint,Home,40. Paint#1,train
Home/40. Paint/MVI_4927.MOV,40. Paint,Home,40. Paint#1,train
Home/40. Paint/MVI_4928.MOV,40. Paint,Home,40. Paint#1,train
Home/40. Paint/MVI_8817.MP4,40. Paint,Home,40. Paint#2,test
Home/40. Paint/MVI_8818.MP4,40. Paint,Home,40. Paint#2,test
Home/40. Paint/MVI_8819.MP4,40. Paint,Home,40. Paint#2,test
Home/40. Paint/MVI_8820.MP4,40. Paint,Home,40. Paint#2,test
Home/40. Paint/MVI_8821.MP4,40. Paint,Home,40. Paint#2,test
Home/40. Paint/MVI_9051.MP4,40. Paint,Home,40. Paint#3,train
Home/40. Paint/MVI_9052.MP4,40. Paint,Home,40. Paint#3,train
Home/40. Paint/MVI_9053.MP4,40. Paint,Home,40. Paint#3,train
Jobs/84. Teacher/MVI_4457.MOV,84. Teacher,Jobs,84. Teacher#0,train
Jobs/84. Teacher/MVI_4458.MOV,84. Teacher,Jobs,84. Teacher#0,train
Jobs/84. Teacher/MVI_4459.MOV,84. Teacher,Jobs,84. Teacher#0,train
Jobs/84. Teacher/MVI_4460.MOV,84. Teacher,Jobs,84. Teacher#0,train
Jobs/84. Teacher/MVI_4744.MOV,84. Teacher,Jobs,84. Teacher#1,train
Jobs/84. Teacher/MVI_4745.MOV,84. Teacher,Jobs,84. Teacher#1,train
Jobs/84. Teacher/MVI_4746.MOV,84. Teacher,Jobs,84. Teacher#1,train
Jobs/84. Teacher/MVI_5310.MOV,84. Teacher,Jobs,84. Teacher#2,val
Jobs/84. Teacher/MVI_5311.MOV,84. Teacher,Jobs,84. Teacher#2,val
Jobs/84. Teacher/MVI_5312.MOV,84. Teacher,Jobs,84. Teacher#2,val
Jobs/84. Teacher/MVI_5313.MOV,84. Teacher,Jobs,84. Teacher#2,val
Jobs/84. Teacher/MVI_8864.MP4,84. Teacher,Jobs,84. Teacher#3,test
Jobs/84. Teacher/MVI_8865.MP4,84. Teacher,Jobs,84. Teacher#3,test
Jobs/84. Teacher/MVI_8866.MP4,84. Teacher,Jobs,84. Teacher#3,test
Jobs/91. Priest/MVI_4486.MOV,91. Priest,Jobs,91. Priest#0,train
Jobs/91. Priest/MVI_4487.MOV,91. Priest,Jobs,91. Priest#0,train
Jobs/91. Priest/MVI_4488.MOV,91. Priest,Jobs,91. Priest#0,train
Jobs/91. Priest/MVI_4489.MOV,91. Priest,Jobs,91. Priest#0,train
Jobs/91. Priest/MVI_4490.MOV,91. Priest,Jobs,91. Priest#0,train
Jobs/91. Priest/MVI_4770.MOV,91. Priest,Jobs,91. Priest#1,val
Jobs/91. Priest/MVI_4771.MOV,91. Priest,Jobs,91. Priest#1,val
Jobs/91. Priest/MVI_4772.MOV,91. Priest,Jobs,91. Priest#1,val
Jobs/91. Priest/MVI_5342.MOV,91. Priest,Jobs,91. Priest#2,train
Jobs/91. Priest/MVI_5343.MOV,91. Priest,Jobs,91. Priest#2,train
Jobs/91. Priest/MVI_5344.MOV,91. Priest,Jobs,91. Priest#2,train
Jobs/91. Priest/MVI_5345.MOV,91. Priest,Jobs,91. Priest#2,train
Jobs/91. Priest/MVI_8887.MP4,91. Priest,Jobs,91. Priest#3,test
Jobs/91. Priest/MVI_8888.MP4,91. Priest,Jobs,91. Priest#3,test
Jobs/91. Priest/MVI_8889.MP4,91. Priest,Jobs,91. Priest#3,test
Means_of_Transportation/11. Car/MVI_3116.MOV,11. Car,Means_of_Transportation,11. Car#0,train
Means_of_Transportation/11. Car/MVI_3117.MOV,11. Car,Means_of_Transportation,11. Car#0,train
Means_of_Transportation/11. Car/MVI_3118.MOV,11. Car,Means_of_Transportation,11. Car#0,train
Means_of_Transportation/11. Car/MVI_3145.MOV,11. Car,Means_of_Transportation,11. Car#1,train
Means_of_Transportation/11. Car/MVI_3146.MOV,11. Car,Means_of_Transportation,11. Car#1,train
Means_of_Transportation/11. Car/MVI_3147.MOV,11. Car,Means_of_Transportation,11. Car#1,train
Means_of_Transportation/11. Car/MVI_3174.MOV,11. Car,Means_of_Transportation,11. Car#2,train
Means_of_Transportation/11. Car/MVI_3175.MOV,11. Car,Means_of_Transportation,11. Car#2,train
Means_of_Transportation/11. Car/MVI_3176.MOV,11. Car,Means_of_Transportation,11. Car#2,train
Means_of_Transportation/11. Car/MVI_3209.MOV,11. Car,Means_of_Transportation,11. Car#3,val
Means_of_Transportation/11. Car/MVI_3210.MOV,11. Car,Means_of_Transportation,11. Car#3,val
Means_of_Transportation/11. Car/MVI_3211.MOV,11. Car,Means_of_Transportation,11. Car#3,val
Means_of_Transportation/11. Car/MVI_3238.MOV,11. Car,Means_of_Transportation,11. Car#4,train
Means_of_Transportation/11. Car/MVI_3239.MOV,11. Car,Means_of_Transportation,11. Car#4,train
Means_of_Transportation/11. Car/MVI_3240.MOV,11. Car,Means_of_Transportation,11. Car#4,train
Means_of_Transportation/11. Car/MVI_4176.MOV,11. Car,Means_of_Transportation,11. Car#5,train
Means_of_Transportation/11. Car/MVI_4177.MOV,11. Car,Means_of_Transportation,11. Car#5,train
Means_of_Transportation/11. Car/MVI_4178.MOV,11. Car,Means_of_Transportation,11. Car#5,train
Means_of_Transportation/11. Car/MVI_8583.MP4,11. Car,Means_of_Transportation,11. Car#6,test
Means_of_Transportation/11. Car/MVI_8584.MP4,11. Car,Means_of_Transportation,11. Car#6,test
Means_of_Transportation/16. train ticket/MVI_3132.MOV,16. train ticket,Means_of_Transportation,16. train ticket#0,train
Means_of_Transportation/16. train ticket/MVI_3133.MOV,16. train ticket,Means_of_Transportation,16. train ticket#0,train
Means_of_Transportation/16. train ticket/MVI_3134.MOV,16. train ticket,Means_of_Transportation,16. train ticket#0,train
Means_of_Transportation/16. train ticket/MVI_3162.MOV,16. train ticket,Means_of_Transportation,16. train ticket#1,train
Means_of_Transportation/16. train ticket/MVI_3163.MOV,16. train ticket,Means_of_Transportation,16. train ticket#1,train
Means_of_Transportation/16. train ticket/MVI_3164.MOV,16. train ticket,Means_of_Transportation,16. train ticket#1,train
Means_of_Transportation/16. train ticket/MVI_3194.MOV,16. train ticket,Means_of_Transportation,16. train ticket#2,train
Means_of_Transportation/16. train ticket/MVI_3195.MOV,16. train ticket,Means_of_Transportation,16. train ticket#2,train
Means_of_Transportation/16. train ticket/MVI_3196.MOV,16. train ticket,Means_of_Transportation,16. train ticket#2,train
Means_of_Transportation/16. train ticket/MVI_3197.MOV,16. train ticket,Means_of_Transportation,16. train ticket#2,train
Means_of_Transportation/16. train ticket/MVI_3224.MOV,16. train ticket,Means_of_Transportation,16. train ticket#3,train
Means_of_Transportation/16. train ticket/MVI_3225.MOV,16. train ticket,Means_of_Transportation,16. train ticket#3,train
Means_of_Transportation/16. train ticket/MVI_3226.MOV,16. train ticket,Means_of_Transportation,16. train ticket#3,train
Means_of_Transportation/16. train ticket/MVI_3253.MOV,16. train ticket,Means_of_Transportation,16. train ticket#4,val
Means_of_Transportation/16. train ticket/MVI_3254.MOV,16. train ticket,Means_of_Transportation,16. train ticket#4,val
Means_of_Transportation/16. train ticket/MVI_3255.MOV,16. train ticket,Means_of_Transportation,16. train ticket#4,val
Means_of_Transportation/16. train ticket/MVI_4191.MOV,16. train ticket,Means_of_Transportation,16. train ticket#5,train
Means_of_Transportation/16. train ticket/MVI_4192.MOV,16. train ticket,Means_of_Transportation,16. train ticket#5,train
Means_of_Transportation/16. train ticket/MVI_4193.MOV,16. train ticket,Means_of_Transportation,16. train ticket#5,train
Means_of_Transportation/16. train ticket/MVI_8596.MP4,16. train ticket,Means_of_Transportation,16. train ticket#6,test
Means_of_Transportation/16. train ticket/MVI_8597.MP4,16. train ticket,Means_of_Transportation,16. train ticket#6,test
People/61. Father/MVI_3763.MOV,61. Father,People,61. Father#0,train
People/61. Father/MVI_3764.MOV,61. Father,People,61. Father#0,train
People/61. Father/MVI_3765.MOV,61. Father,People,61. Father#0,train
People/61. Father/MVI_3909.MOV,61. Father,People,61. Father#1,val
People/61. Father/MVI_3910.MOV,61. Father,People,61. Father#1,val
People/61. Father/MVI_3912.MOV,61. Father,People,61. Father#1,val
People/61. Father/MVI_4060.MOV,61. Father,People,61. Father#2,train
People/61. Father/MVI_4061.MOV,61. Father,People,61. Father#2,train
People/61. Father/MVI_4062.MOV,61. Father,People,61. Father#2,train
People/61. Father/MVI_4223.MOV,61. Father,People,61. Father#3,train
People/61. Father/MVI_4940.MOV,61. Father,People,61. Father#4,train
People/61. Father/MVI_4941.MOV,61. Father,People,61. Father#4,train
People/61. Father/MVI_4942.MOV,61. Father,People,61. Father#4,train
People/61. Father/MVI_5080.MOV,61. Father,People,61. Father#5,train
People/61. Father/MVI_5081.MOV,61. Father,People,61. Father#5,train
People/61. Father/MVI_5082.MOV,61. Father,People,61. Father#5,train
People/61. Father/MVI_5227.MOV,61. Father,People,61. Father#6,train
People/61. Father/MVI_5228.MOV,61. Father,People,61. Father#6,train
People/61. Father/MVI_5229.MOV,61. Father,People,61. Father#6,train
People/61. Father/MVI_8626.MP4,61. Father,People,61. Father#7,test
People/66. Brother/MVI_3778.MOV,66. Brother,People,66. Brother#0,val
People/66. Brother/MVI_3779.MOV,66. Brother,People,66. Brother#0,val
People/66. Brother/MVI_3780.MOV,66. Brother,People,66. Brother#0,val
People/66. Brother/MVI_3781.MOV,66. Brother,People,66. Brother#0,val
People/66. Brother/MVI_3927.MOV,66. Brother,People,66. Brother#1,train
People/66. Brother/MVI_3928.MOV,66. Brother,People,66. Brother#1,train
People/66. Brother/MVI_3929.MOV,66. Brother,People,66. Brother#1,train
People/66. Brother/MVI_4075.MOV,66. Brother,People,66. Brother#2,train
People/66. Brother/MVI_4076.MOV,66. Brother,People,66. Brother#2,train
People/66. Brother/MVI_4077.MOV,66. Brother,People,66. Brother#2,train
People/66. Brother/MVI_4230.MOV,66. Brother,People,66. Brother#3,train
People/66. Brother/MVI_4955.MOV,66. Brother,People,66. Brother#4,train
People/66. Brother/MVI_4956.MOV,66. Brother,People,66. Brother#4,train
People/66. Brother/MVI_4957.MOV,66. Brother,People,66. Brother#4,train
People/66. Brother/MVI_5095.MOV,66. Brother,People,66. Brother#5,train
People/66. Brother/MVI_5096.MOV,66. Brother,People,66. Brother#5,train
People/66. Brother/MVI_5097.MOV,66. Brother,People,66. Brother#5,train
People/66. Brother/MVI_5243.MOV,66. Brother,People,66. Brother#6,train
People/66. Brother/MVI_5244.MOV,66. Brother,People,66. Brother#6,train
People/66. Brother/MVI_5245.MOV,66. Brother,People,66. Brother#6,train
People/66. Brother/MVI_8631.MP4,66. Brother,People,66. Brother#7,test
People/77. Boy/MVI_3814.MOV,77. Boy,People,77. Boy#0,train
People/77. Boy/MVI_3815.MOV,77. Boy,People,77. Boy#0,train
People/77. Boy/MVI_3816.MOV,77. Boy,People,77. Boy#0,train
People/77. Boy/MVI_3962.MOV,77. Boy,People,77. Boy#1,train
People/77. Boy/MVI_3963.MOV,77. Boy,People,77. Boy#1,train
People/77. Boy/MVI_3964.MOV,77. Boy,People,77. Boy#1,train
People/77. Boy/MVI_4109.MOV,77. Boy,People,77. Boy#2,train
People/77. Boy/MVI_4110.MOV,77. Boy,People,77. Boy#2,train
People/77. Boy/MVI_4111.MOV,77. Boy,People,77. Boy#2,train
People/77. Boy/MVI_4112.MOV,77. Boy,People,77. Boy#2,train
People/77. Boy/MVI_4242.MOV,77. Boy,People,77. Boy#3,train
People/77. Boy/MVI_4981.MOV,77. Boy,People,77. Boy#4,train
People/77. Boy/MVI_4982.MOV,77. Boy,People,77. Boy#4,train
People/77. Boy/MVI_4983.MOV,77. Boy,People,77. Boy#4,train
People/77. Boy/MVI_5132.MOV,77. Boy,People,77. Boy#5,val
People/77. Boy/MVI_5133.MOV,77. Boy,People,77. Boy#5,val
People/77. Boy/MVI_5134.MOV,77. Boy,People,77. Boy#5,val
People/77. Boy/MVI_5285.MOV,77. Boy,People,77. Boy#6,train
People/77. Boy/MVI_5286.MOV,77. Boy,People,77. Boy#6,train
People/77. Boy/MVI_5287.MOV,77. Boy,People,77. Boy#6,train
People/77. Boy/MVI_8644.MP4,77. Boy,People,77. Boy#7,test
People/78. Girl/MVI_3817.MOV,78. Girl,People,78. Girl#0,train
People/78. Girl/MVI_3818.MOV,78. Girl,People,78. Girl#0,train
People/78. Girl/MVI_3819.MOV,78. Girl,People,78. Girl#0,train
People/78. Girl/MVI_3965.MOV,78. Girl,People,78. Girl#1,train
People/78. Girl/MVI_3966.MOV,78. Girl,People,78. Girl#1,train
People/78. Girl/MVI_3967.MOV,78. Girl,People,78. Girl#1,train
People/78. Girl/MVI_4113.MOV,78. Girl,People,78. Girl#2,train
People/78. Girl/MVI_4114.MOV,78. Girl,People,78. Girl#2,train
People/78. Girl/MVI_4115.MOV,78. Girl,People,78. Girl#2,train
People/78. Girl/MVI_4243.MOV,78. Girl,People,78. Girl#3,train
People/78. Girl/MVI_4984.MOV,78. Girl,People,78. Girl#4,train
People/78. Girl/MVI_4985.MOV,78. Girl,People,78. Girl#4,train
People/78. Girl/MVI_4986.MOV,78. Girl,People,78. Girl#4,train
People/78. Girl/MVI_5135.MOV,78. Girl,People,78. Girl#5,train
People/78. Girl/MVI_5136.MOV,78. Girl,People,78. Girl#5,train
People/78. Girl/MVI_5137.MOV,78. Girl,People,78. Girl#5,train
People/78. Girl/MVI_5288.MOV,78. Girl,People,78. Girl#6,val
People/78. Girl/MVI_5289.MOV,78. Girl,People,78. Girl#6,val
People/78. Girl/MVI_5290.MOV,78. Girl,People,78. Girl#6,val
People/78. Girl/MVI_8645.MP4,78. Girl,People,78. Girl#7,test
Places/19. House/MVI_3267.MOV,19. House,Places,19. House#0,train
Places/19. House/MVI_3268.MOV,19. House,Places,19. House#0,train
Places/19. House/MVI_3269.MOV,19. House,Places,19. House#0,train
Places/19. House/MVI_3270.MOV,19. House,Places,19. House#0,train
Places/19. House/MVI_3349.MOV,19. House,Places,19. House#1,train
Places/19. House/MVI_3350.MOV,19. House,Places,19. House#1,train
Places/19. House/MVI_3351.MOV,19. House,Places,19. House#1,train
Places/19. House/MVI_3352.MOV,19. House,Places,19. House#1,train
Places/19. House/MVI_3435.MOV,19. House,Places,19. House#2,train
Places/19. House/MVI_3436.MOV,19. House,Places,19. House#2,train
Places/19. House/MVI_3437.MOV,19. House,Places,19. House#2,train
Places/19. House/MVI_3438.MOV,19. House,Places,19. House#2,train
Places/19. House/MVI_3513.MOV,19. House,Places,19. House#3,train
Places/19. House/MVI_3514.MOV,19. House,Places,19. House#3,train
Places/19. House/MVI_3515.MOV,19. House,Places,19. House#3,train
Places/19. House/MVI_3516.MOV,19. House,Places,19. House#3,train
Places/19. House/MVI_3593.MOV,19. House,Places,19. House#4,val
Places/19. House/MVI_3594.MOV,19. House,Places,19. House#4,val
Places/19. House/MVI_3595.MOV,19. House,Places,19. House#4,val
Places/19. House/MVI_3596.MOV,19. House,Places,19. House#4,val
Places/23. Court/MVI_3284.MOV,23. Court,Places,23. Court#0,train
Places/23. Court/MVI_3285.MOV,23. Court,Places,23. Court#0,train
Places/23. Court/MVI_3286.MOV,23. Court,Places,23. Court#0,train
Places/23. Court/MVI_3287.MOV,23. Court,Places,23. Court#0,train
Places/23. Court/MVI_3365.MOV,23. Court,Places,23. Court#1,train
Places/23. Court/MVI_3366.MOV,23. Court,Places,23. Court#1,train
Places/23. Court/MVI_3367.MOV,23. Court,Places,23. Court#1,train
Places/23. Court/MVI_3370.MOV,23. Court,Places,23. Court#1,train
Places/23. Court/MVI_3452.MOV,23. Court,Places,23. Court#2,train
Places/23. Court/MVI_3453.MOV,23. Court,Places,23. Court#2,train
Places/23. Court/MVI_3454.MOV,23. Court,Places,23. Court#2,train
Places/23. Court/MVI_3455.MOV,23. Court,Places,23. Court#2,train
Places/23. Court/MVI_3531.MOV,23. Court,Places,23. Court#3,val
Places/23. Court/MVI_3532.MOV,23. Court,Places,23. Court#3,val
Places/23. Court/MVI_3533.MOV,23. Court,Places,23. Court#3,val
Places/23. Court/MVI_3534.MOV,23. Court,Places,23. Court#3,val
Places/23. Court/MVI_3609.MOV,23. Court,Places,23. Court#4,train
Places/23. Court/MVI_3610.MOV,23. Court,Places,23. Court#4,train
Places/23. Court/MVI_3611.MOV,23. Court,Places,23. Court#4,train
Places/23. Court/MVI_3612.MOV,23. Court,Places,23. Court#4,train
Places/28. Store or Shop/MVI_3307.MOV,28. Store or Shop,Places,28. Store or Shop#0,train
Places/28. Store or Shop/MVI_3308.MOV,28. Store or Shop,Places,28. Store or Shop#0,train
Places/28. Store or Shop/MVI_3309.MOV,28. Store or Shop,Places,28. Store or Shop#0,train
Places/28. Store or Shop/MVI_3310.MOV,28. Store or Shop,Places,28. Store or Shop#0,train
Places/28. Store or Shop/MVI_3384.MOV,28. Store or Shop,Places,28. Store or Shop#1,val
Places/28. Store or Shop/MVI_3385.MOV,28. Store or Shop,Places,28. Store or Shop#1,val
Places/28. Store or Shop/MVI_3386.MOV,28. Store or Shop,Places,28. Store or Shop#1,val
Places/28. Store or Shop/MVI_3387.MOV,28. Store or Shop,Places,28. Store or Shop#1,val
Places/28. Store or Shop/MVI_3472.MOV,28. Store or Shop,Places,28. Store or Shop#2,train
Places/28. Store or Shop/MVI_3473.MOV,28. Store or Shop,Places,28. Store or Shop#2,train
Places/28. Store or Shop/MVI_3474.MOV,28. Store or Shop,Places,28. Store or Shop#2,train
Places/28. Store or Shop/MVI_3475.MOV,28. Store or Shop,Places,28. Store or Shop#2,train
Places/28. Store or Shop/MVI_3552.MOV,28. Store or Shop,Places,28. Store or Shop#3,train
Places/28. Store or Shop/MVI_3553.MOV,28. Store or Shop,Places,28. Store or Shop#3,train
Places/28. Store or Shop/MVI_3554.MOV,28. Store or Shop,Places,28. Store or Shop#3,train
Places/28. Store or Shop/MVI_3555.MOV,28. Store or Shop,Places,28. Store or Shop#3,train
Places/28. Store or Shop/MVI_3632.MOV,28. Store or Shop,Places,28. Store or Shop#4,train
Places/28. Store or Shop/MVI_3633.MOV,28. Store or Shop,Places,28. Store or Shop#4,train
Places/28. Store or Shop/MVI_3634.MOV,28. Store or Shop,Places,28. Store or Shop#4,train
Places/28. Store or Shop/MVI_3635.MOV,28. Store or Shop,Places,28. Store or Shop#4,train
Places/35. Bank/MVI_3335.MOV,35. Bank,Places,35. Bank#0,train
Places/35. Bank/MVI_3336.MOV,35. Bank,Places,35. Bank#0,train
Places/35. Bank/MVI_3337.MOV,35. Bank,Places,35. Bank#0,train
Places/35. Bank/MVI_3338.MOV,35. Bank,Places,35. Bank#0,train
Places/35. Bank/MVI_3419.MOV,35. Bank,Places,35. Bank#1,train
Places/35. Bank/MVI_3421.MOV,35. Bank,Places,35. Bank#1,train
Places/35. Bank/MVI_3422.MOV,35. Bank,Places,35. Bank#1,train
Places/35. Bank/MVI_3423.MOV,35. Bank,Places,35. Bank#1,train
Places/35. Bank/MVI_3500.MOV,35. Bank,Places,35. Bank#2,val
Places/35. Bank/MVI_3501.MOV,35. Bank,Places,35. Bank#2,val
Places/35. Bank/MVI_3502.MOV,35. Bank,Places,35. Bank#2,val
Places/35. Bank/MVI_3503.MOV,35. Bank,Places,35. Bank#2,val
Places/35. Bank/MVI_3581.MOV,35. Bank,Places,35. Bank#3,train
Places/35. Bank/MVI_3582.MOV,35. Bank,Places,35. Bank#3,train
Places/35. Bank/MVI_3583.MOV,35. Bank,Places,35. Bank#3,train
Places/35. Bank/MVI_3584.MOV,35. Bank,Places,35. Bank#3,train
Places/35. Bank/MVI_3661.MOV,35. Bank,Places,35. Bank#4,train
Places/35. Bank/MVI_3662.MOV,35. Bank,Places,35. Bank#4,train
Places/35. Bank/MVI_3663.MOV,35. Bank,Places,35. Bank#4,train
Places/35. Bank/MVI_3664.MOV,35. Bank,Places,35. Bank#4,train
Pronouns/40. I/MVI_0001.MOV,40. I,Pronouns,40. I#0,test
Pronouns/40. I/MVI_0002.MOV,40. I,Pronouns,40. I#0,test
Pronouns/40. I/MVI_0003.MOV,40. I,Pronouns,40. I#0,test
Pronouns/40. I/MVI_0012.MOV,40. I,Pronouns,40. I#1,test
Pronouns/40. I/MVI_0013.MOV,40. I,Pronouns,40. I#1,test
Pronouns/40. I/MVI_0014.MOV,40. I,Pronouns,40. I#1,test
Pronouns/40. I/MVI_0064.MOV,40. I,Pronouns,40. I#2,test
Pronouns/40. I/MVI_0065.MOV,40. I,Pronouns,40. I#2,test
Pronouns/40. I/MVI_0066.MOV,40. I,Pronouns,40. I#2,test
Pronouns/40. I/MVI_9878.MOV,40. I,Pronouns,40. I#3,train
Pronouns/40. I/MVI_9879.MOV,40. I,Pronouns,40. I#3,train
Pronouns/40. I/MVI_9880.MOV,40. I,Pronouns,40. I#3,train
Pronouns/40. I/MVI_9881.MOV,40. I,Pronouns,40. I#3,train
Pronouns/40. I/MVI_9918.MOV,40. I,Pronouns,40. I#4,train
Pronouns/40. I/MVI_9919.MOV,40. I,Pronouns,40. I#4,train
Pronouns/40. I/MVI_9920.MOV,40. I,Pronouns,40. I#4,train
Pronouns/40. I/MVI_9922.MOV,40. I,Pronouns,40. I#4,train
Pronouns/40. I/MVI_9957.MOV,40. I,Pronouns,40. I#5,val
Pronouns/40. I/MVI_9958.MOV,40. I,Pronouns,40. I#5,val
Pronouns/40. I/MVI_9959.MOV,40. I,Pronouns,40. I#5,val
Pronouns/40. I/MVI_9995.MOV,40. I,Pronouns,40. I#6,train
Pronouns/44. it/MVI_0013.MOV,44. it,Pronouns,44. it#0,test
Pronouns/44. it/MVI_0014.MOV,44. it,Pronouns,44. it#0,test
Pronouns/44. it/MVI_0015.MOV,44. it,Pronouns,44. it#0,test
Pronouns/44. it/MVI_0016.MOV,44. it,Pronouns,44. it#0,test
Pronouns/44. it/MVI_0024.MOV,44. it,Pronouns,44. it#1,test
Pronouns/44. it/MVI_0025.MOV,44. it,Pronouns,44. it#1,test
Pronouns/44. it/MVI_0026.MOV,44. it,Pronouns,44. it#1,test
Pronouns/44. it/MVI_0076.MOV,44. it,Pronouns,44. it#2,test
Pronouns/44. it/MVI_0077.MOV,44. it,Pronouns,44. it#2,test
Pronouns/44. it/MVI_0078.MOV,44. it,Pronouns,44. it#2,test
Pronouns/44. it/MVI_9897.MOV,44. it,Pronouns,44. it#3,train
Pronouns/44. it/MVI_9898.MOV,44. it,Pronouns,44. it#3,train
Pronouns/44. it/MVI_9899.MOV,44. it,Pronouns,44. it#3,train
Pronouns/44. it/MVI_9900.MOV,44. it,Pronouns,44. it#3,train
Pronouns/44. it/MVI_9936.MOV,44. it,Pronouns,44. it#4,train
Pronouns/44. it/MVI_9937.MOV,44. it,Pronouns,44. it#4,train
Pronouns/44. it/MVI_9938.MOV,44. it,Pronouns,44. it#4,train
Pronouns/44. it/MVI_9939.MOV,44. it,Pronouns,44. it#4,train
Pronouns/44. it/MVI_9969.MOV,44. it,Pronouns,44. it#5,val
Pronouns/44. it/MVI_9970.MOV,44. it,Pronouns,44. it#5,val
Pronouns/44. it/MVI_9971.MOV,44. it,Pronouns,44. it#5,val
Pronouns/46. you (plural)/MVI_0021.MOV,46. you (plural),Pronouns,46. you (plural)#0,test
Pronouns/46. you (plural)/MVI_0022.MOV,46. you (plural),Pronouns,46. you (plural)#0,test
Pronouns/46. you (plural)/MVI_0023.MOV,46. you (plural),Pronouns,46. you (plural)#0,test
Pronouns/46. you (plural)/MVI_0024.MOV,46. you (plural),Pronouns,46. you (plural)#0,test
Pronouns/46. you (plural)/MVI_0030.MOV,46. you (plural),Pronouns,46. you (plural)#1,test
Pronouns/46. you (plural)/MVI_0031.MOV,46. you (plural),Pronouns,46. you (plural)#1,test
Pronouns/46. you (plural)/MVI_0032.MOV,46. you (plural),Pronouns,46. you (plural)#1,test
Pronouns/46. you (plural)/MVI_0082.MOV,46. you (plural),Pronouns,46. you (plural)#2,test
Pronouns/46. you (plural)/MVI_0083.MOV,46. you (plural),Pronouns,46. you (plural)#2,test
Pronouns/46. you (plural)/MVI_0084.MOV,46. you (plural),Pronouns,46. you (plural)#2,test
Pronouns/46. you (plural)/MVI_9905.MOV,46. you (plural),Pronouns,46. you (plural)#3,train
Pronouns/46. you (plural)/MVI_9907.MOV,46. you (plural),Pronouns,46. you (plural)#3,train
Pronouns/46. you (plural)/MVI_9908.MOV,46. you (plural),Pronouns,46. you (plural)#3,train
Pronouns/46. you (plural)/MVI_9909.MOV,46. you (plural),Pronouns,46. you (plural)#3,train
Pronouns/46. you (plural)/MVI_9945.MOV,46. you (plural),Pronouns,46. you (plural)#4,val
Pronouns/46. you (plural)/MVI_9946.MOV,46. you (plural),Pronouns,46. you (plural)#4,val
Pronouns/46. you (plural)/MVI_9947.MOV,46. you (plural),Pronouns,46. you (plural)#4,val
Pronouns/46. you (plural)/MVI_9948.MOV,46. you (plural),Pronouns,46. you (plural)#4,val
Pronouns/46. you (plural)/MVI_9975.MOV,46. you (plural),Pronouns,46. you (plural)#5,train
Pronouns/46. you (plural)/MVI_9976.MOV,46. you (plural),Pronouns,46. you (plural)#5,train
Pronouns/46. you (plural)/MVI_9977.MOV,46. you (plural),Pronouns,46. you (plural)#5,train
Seasons/61. Summer/MVI_4565.MOV,61. Summer,Seasons,61. Summer#0,train
Seasons/61. Summer/MVI_4566.MOV,61. Summer,Seasons,61. Summer#0,train
Seasons/61. Summer/MVI_4567.MOV,61. Summer,Seasons,61. Summer#0,train
Seasons/61. Summer/MVI_4568.MOV,61. Summer,Seasons,61. Summer#0,train
Seasons/61. Summer/MVI_4990.MOV,61. Summer,Seasons,61. Summer#1,val
Seasons/61. Summer/MVI_4991.MOV,61. Summer,Seasons,61. Summer#1,val
Seasons/61. Summer/MVI_4992.MOV,61. Summer,Seasons,61. Summer#1,val
Seasons/61. Summer/MVI_5420.MOV,61. Summer,Seasons,61. Summer#2,train
Seasons/61. Summer/MVI_5421.MOV,61. Summer,Seasons,61. Summer#2,train
Seasons/61. Summer/MVI_5422.MOV,61. Summer,Seasons,61. Summer#2,train
Seasons/61. Summer/MVI_5424.MOV,61. Summer,Seasons,61. Summer#2,train
Seasons/61. Summer/MVI_9122.MP4,61. Summer,Seasons,61. Summer#3,test
Seasons/61. Summer/MVI_9123.MP4,61. Summer,Seasons,61. Summer#3,test
Seasons/61. Summer/MVI_9124.MP4,61. Summer,Seasons,61. Summer#3,test
Seasons/64. Fall/MVI_4577.MOV,64. Fall,Seasons,64. Fall#0,train
Seasons/64. Fall/MVI_4578.MOV,64. Fall,Seasons,64. Fall#0,train
Seasons/64. Fall/MVI_4579.MOV,64. Fall,Seasons,64. Fall#0,train
Seasons/64. Fall/MVI_4580.MOV,64. Fall,Seasons,64. Fall#0,train
Seasons/64. Fall/MVI_4999.MOV,64. Fall,Seasons,64. Fall#1,train
Seasons/64. Fall/MVI_5000.MOV,64. Fall,Seasons,64. Fall#1,train
Seasons/64. Fall/MVI_5001.MOV,64. Fall,Seasons,64. Fall#1,train
Seasons/64. Fall/MVI_5433.MOV,64. Fall,Seasons,64. Fall#2,val
Seasons/64. Fall/MVI_5434.MOV,64. Fall,Seasons,64. Fall#2,val
Seasons/64. Fall/MVI_5435.MOV,64. Fall,Seasons,64. Fall#2,val
Seasons/64. Fall/MVI_5436.MOV,64. Fall,Seasons,64. Fall#2,val
Seasons/64. Fall/MVI_9132.MP4,64. Fall,Seasons,64. Fall#3,test
Seasons/64. Fall/MVI_9133.MP4,64. Fall,Seasons,64. Fall#3,test
Seasons/64. Fall/MVI_9134.MP4,64. Fall,Seasons,64. Fall#3,test
Seasons/64. Fall/MVI_9135.MP4,64. Fall,Seasons,64. Fall#3,test
Society/14. Election/MVI_4304.MOV,14. Election,Society,14. Election#0,train
Society/14. Election/MVI_4305.MOV,14. Election,Society,14. Election#0,train
Society/14. Election/MVI_4306.MOV,14. Election,Society,14. Election#0,train
Society/14. Election/MVI_4307.MOV,14. Election,Society,14. Election#0,train
Society/14. Election/MVI_4839.MOV,14. Election,Society,14. Election#1,val
Society/14. Election/MVI_4840.MOV,14. Election,Society,14. Election#1,val
Society/14. Election/MVI_4841.MOV,14. Election,Society,14. Election#1,val
Society/14. Election/MVI_8710.MP4,14. Election,Society,14. Election#2,test
Society/14. Election/MVI_8711.MP4,14. Election,Society,14. Election#2,test
Society/14. Election/MVI_8712.MP4,14. Election,Society,14. Election#2,test
Society/14. Election/MVI_8713.MP4,14. Election,Society,14. Election#2,test
Society/14. Election/MVI_8967.MP4,14. Election,Society,14. Election#3,train
Society/14. Election/MVI_8968.MP4,14. Election,Society,14. Election#3,train
Society/14. Election/MVI_8969.MP4,14. Election,Society,14. Election#3,train
Society/2. Death/MVI_4255.MOV,2. Death,Society,2. Death#0,val
Society/2. Death/MVI_4256.MOV,2. Death,Society,2. Death#0,val
Society/2. Death/MVI_4257.MOV,2. Death,Society,2. Death#0,val
Society/2. Death/MVI_4258.MOV,2. Death,Society,2. Death#0,val
Society/2. Death/MVI_4800.MOV,2. Death,Society,2. Death#1,train
Society/2. Death/MVI_4801.MOV,2. Death,Society,2. Death#1,train
Society/2. Death/MVI_4802.MOV,2. Death,Society,2. Death#1,train
Society/2. Death/MVI_8661.MP4,2. Death,Society,2. Death#2,test
Society/2. Death/MVI_8662.MP4,2. Death,Society,2. Death#2,test
Society/2. Death/MVI_8663.MP4,2. Death,Society,2. Death#2,test
Society/2. Death/MVI_8664.MP4,2. Death,Society,2. Death#2,test
Society/2. Death/MVI_8930.MP4,2. Death,Society,2. Death#3,train
Society/2. Death/MVI_8931.MP4,2. Death,Society,2. Death#3,train
Society/2. Death/MVI_8932.MP4,2. Death,Society,2. Death#3,train
