video_path,label,parent_label,take_group,split,corpus
Adjectives/1. loud/MVI_5177.MOV,1. loud,Adjectives,1. loud#0,test,include
Adjectives/1. loud/MVI_5178.MOV,1. loud,Adjectives,1. loud#0,test,include
Adjectives/1. loud/MVI_5179.MOV,1. loud,Adjectives,1. loud#0,test,include
Adjectives/1. loud/MVI_5257.MOV,1. loud,Adjectives,1. loud#1,test,include
Adjectives/1. loud/MVI_5258.MOV,1. loud,Adjectives,1. loud#1,test,include
Adjectives/1. loud/MVI_5259.MOV,1. loud,Adjectives,1. loud#1,test,include
Adjectives/1. loud/MVI_5335.MOV,1. loud,Adjectives,1. loud#2,test,include
Adjectives/1. loud/MVI_5336.MOV,1. loud,Adjectives,1. loud#2,test,include
Adjectives/1. loud/MVI_5337.MOV,1. loud,Adjectives,1. loud#2,test,include
Adjectives/1. loud/MVI_9289.MOV,1. loud,Adjectives,1. loud#3,train,include
Adjectives/1. loud/MVI_9290.MOV,1. loud,Adjectives,1. loud#3,train,include
Adjectives/1. loud/MVI_9291.MOV,1. loud,Adjectives,1. loud#3,train,include
Adjectives/1. loud/MVI_9368.MOV,1. loud,Adjectives,1. loud#4,train,include
Adjectives/1. loud/MVI_9369.MOV,1. loud,Adjectives,1. loud#4,train,include
Adjectives/1. loud/MVI_9370.MOV,1. loud,Adjectives,1. loud#4,train,include
Adjectives/1. loud/MVI_9448.MOV,1. loud,Adjectives,1. loud#5,train,include
Adjectives/1. loud/MVI_9449.MOV,1. loud,Adjectives,1. loud#5,train,include
Adjectives/1. loud/MVI_9450.MOV,1. loud,Adjectives,1. loud#5,train,include
Adjectives/1. loud/MVI_9534.MOV,1. loud,Adjectives,1. loud#6,train,include
Adjectives/1. loud/MVI_9535.MOV,1. loud,Adjectives,1. loud#6,train,include
Adjectives/1. loud/MVI_9536.MOV,1. loud,Adjectives,1. loud#6,train,include
Adjectives/2. quiet/MVI_5180.MOV,2. quiet,Adjectives,2. quiet#0,test,include
Adjectives/2. quiet/MVI_5181.MOV,2. quiet,Adjectives,2. quiet#0,test,include
Adjectives/2. quiet/MVI_5182.MOV,2. quiet,Adjectives,2. quiet#0,test,include
Adjectives/2. quiet/MVI_5260.MOV,2. quiet,Adjectives,2. quiet#1,test,include
Adjectives/2. quiet/MVI_5261.MOV,2. quiet,Adjectives,2. quiet#1,test,include
Adjectives/2. quiet/MVI_5262.MOV,2. quiet,Adjectives,2. quiet#1,test,include
Adjectives/2. quiet/MVI_5338.MOV,2. quiet,Adjectives,2. quiet#2,test,include
Adjectives/2. quiet/MVI_5339.MOV,2. quiet,Adjectives,2. quiet#2,test,include
Adjectives/2. quiet/MVI_5340.MOV,2. quiet,Adjectives,2. quiet#2,test,include
Adjectives/2. quiet/MVI_9292.MOV,2. quiet,Adjectives,2. quiet#3,train,include
Adjectives/2. quiet/MVI_9293.MOV,2. quiet,Adjectives,2. quiet#3,train,include
Adjectives/2. quiet/MVI_9294.MOV,2. quiet,Adjectives,2. quiet#3,train,include
Adjectives/2. quiet/MVI_9371.MOV,2. quiet,Adjectives,2. quiet#4,train,include
Adjectives/2. quiet/MVI_9372.MOV,2. quiet,Adjectives,2. quiet#4,train,include
Adjectives/2. quiet/MVI_9373.MOV,2. quiet,Adjectives,2. quiet#4,train,include
Adjectives/2. quiet/MVI_9451.MOV,2. quiet,Adjectives,2. quiet#5,train,include
Adjectives/2. quiet/MVI_9452.MOV,2. quiet,Adjectives,2. quiet#5,train,include
Adjectives/2. quiet/MVI_9453.MOV,2. quiet,Adjectives,2. quiet#5,train,include
Adjectives/2. quiet/MVI_9537.MOV,2. quiet,Adjectives,2. quiet#6,train,include
Adjectives/2. quiet/MVI_9538.MOV,2. quiet,Adjectives,2. quiet#6,train,include
Adjectives/2. quiet/MVI_9539.MOV,2. quiet,Adjectives,2. quiet#6,train,include
Adjectives/3. happy/MVI_5183.MOV,3. happy,Adjectives,3. happy#0,test,include
Adjectives/3. happy/MVI_5184.MOV,3. happy,Adjectives,3. happy#0,test,include
Adjectives/3. happy/MVI_5185.MOV,3. happy,Adjectives,3. happy#0,test,include
Adjectives/3. happy/MVI_5263.MOV,3. happy,Adjectives,3. happy#1,test,include
Adjectives/3. happy/MVI_5264.MOV,3. happy,Adjectives,3. happy#1,test,include
Adjectives/3. happy/MVI_5265.MOV,3. happy,Adjectives,3. happy#1,test,include
Adjectives/3. happy/MVI_5341.MOV,3. happy,Adjectives,3. happy#2,test,include
Adjectives/3. happy/MVI_5342.MOV,3. happy,Adjectives,3. happy#2,test,include
Adjectives/3. happy/MVI_5343.MOV,3. happy,Adjectives,3. happy#2,test,include
Adjectives/3. happy/MVI_9295.MOV,3. happy,Adjectives,3. happy#3,train,include
Adjectives/3. happy/MVI_9296.MOV,3. happy,Adjectives,3. happy#3,train,include
Adjectives/3. happy/MVI_9297.MOV,3. happy,Adjectives,3. happy#3,train,include
Adjectives/3. happy/MVI_9374.MOV,3. happy,Adjectives,3. happy#4,train,include
Adjectives/3. happy/MVI_9375.MOV,3. happy,Adjectives,3. happy#4,train,include
Adjectives/3. happy/MVI_9376.MOV,3. happy,Adjectives,3. happy#4,train,include
Adjectives/3. happy/MVI_9454.MOV,3. happy,Adjectives,3. happy#5,train,include
Adjectives/3. happy/MVI_9455.MOV,3. happy,Adjectives,3. happy#5,train,include
Adjectives/3. happy/MVI_9456.MOV,3. happy,Adjectives,3. happy#5,train,include
Adjectives/3. happy/MVI_9540.MOV,3. happy,Adjectives,3. happy#6,train,include
Adjectives/3. happy/MVI_9541.MOV,3. happy,Adjectives,3. happy#6,train,include
Adjectives/3. happy/MVI_9542.MOV,3. happy,Adjectives,3. happy#6,train,include
Adjectives/78. long/MVI_5106.MOV,78. long,Adjectives,78. long#0,test,include
Adjectives/78. long/MVI_5107.MOV,78. long,Adjectives,78. long#0,test,include
Adjectives/78. long/MVI_5108.MOV,78. long,Adjectives,78. long#0,test,include
Adjectives/78. long/MVI_5186.MOV,78. long,Adjectives,78. long#1,test,include
Adjectives/78. long/MVI_5187.MOV,78. long,Adjectives,78. long#1,test,include
Adjectives/78. long/MVI_5188.MOV,78. long,Adjectives,78. long#1,test,include
Adjectives/78. long/MVI_5266.MOV,78. long,Adjectives,78. long#2,test,include
Adjectives/78. long/MVI_5267.MOV,78. long,Adjectives,78. long#2,test,include
Adjectives/78. long/MVI_5268.MOV,78. long,Adjectives,78. long#2,test,include
Adjectives/78. long/MVI_9217.MOV,78. long,Adjectives,78. long#3,train,include
Adjectives/78. long/MVI_9218.MOV,78. long,Adjectives,78. long#3,train,include
Adjectives/78. long/MVI_9219.MOV,78. long,Adjectives,78. long#3,train,include
Adjectives/78. long/MVI_9298.MOV,78. long,Adjectives,78. long#4,train,include
Adjectives/78. long/MVI_9299.MOV,78. long,Adjectives,78. long#4,train,include
Adjectives/78. long/MVI_9300.MOV,78. long,Adjectives,78. long#4,train,include
Adjectives/78. long/MVI_9377.MOV,78. long,Adjectives,78. long#5,train,include
Adjectives/78. long/MVI_9378.MOV,78. long,Adjectives,78. long#5,train,include
Adjectives/78. long/MVI_9379.MOV,78. long,Adjectives,78. long#5,train,include
Adjectives/78. long/MVI_9458.MOV,78. long,Adjectives,78. long#6,train,include
Adjectives/78. long/MVI_9459.MOV,78. long,Adjectives,78. long#6,train,include
Adjectives/78. long/MVI_9460.MOV,78. long,Adjectives,78. long#6,train,include
Adjectives/79. short/MVI_5110.MOV,79. short,Adjectives,79. short#0,test,include
Adjectives/79. short/MVI_5111.MOV,79. short,Adjectives,79. short#0,test,include
Adjectives/79. short/MVI_5112.MOV,79. short,Adjectives,79. short#0,test,include
Adjectives/79. short/MVI_5189.MOV,79. short,Adjectives,79. short#1,test,include
Adjectives/79. short/MVI_5190.MOV,79. short,Adjectives,79. short#1,test,include
Adjectives/79. short/MVI_5191.MOV,79. short,Adjectives,79. short#1,test,include
Adjectives/79. short/MVI_5269.MOV,79. short,Adjectives,79. short#2,test,include
Adjectives/79. short/MVI_5270.MOV,79. short,Adjectives,79. short#2,test,include
Adjectives/79. short/MVI_5271.MOV,79. short,Adjectives,79. short#2,test,include
Adjectives/79. short/MVI_9220.MOV,79. short,Adjectives,79. short#3,train,include
Adjectives/79. short/MVI_9221.MOV,79. short,Adjectives,79. short#3,train,include
Adjectives/79. short/MVI_9222.MOV,79. short,Adjectives,79. short#3,train,include
Adjectives/79. short/MVI_9301.MOV,79. short,Adjectives,79. short#4,train,include
Adjectives/79. short/MVI_9302.MOV,79. short,Adjectives,79. short#4,train,include
Adjectives/79. short/MVI_9303.MOV,79. short,Adjectives,79. short#4,train,include
Adjectives/79. short/MVI_9380.MOV,79. short,Adjectives,79. short#5,train,include
Adjectives/79. short/MVI_9381.MOV,79. short,Adjectives,79. short#5,train,include
Adjectives/79. short/MVI_9382.MOV,79. short,Adjectives,79. short#5,train,include
Adjectives/79. short/MVI_9461.MOV,79. short,Adjectives,79. short#6,train,include
Adjectives/79. short/MVI_9462.MOV,79. short,Adjectives,79. short#6,train,include
Adjectives/79. short/MVI_9463.MOV,79. short,Adjectives,79. short#6,train,include
Adjectives/80. tall/MVI_5114.MOV,80. tall,Adjectives,80. tall#0,test,include
Adjectives/80. tall/MVI_5115.MOV,80. tall,Adjectives,80. tall#0,test,include
Adjectives/80. tall/MVI_5116.MOV,80. tall,Adjectives,80. tall#0,test,include
Adjectives/80. tall/MVI_5194.MOV,80. tall,Adjectives,80. tall#1,test,include
Adjectives/80. tall/MVI_5195.MOV,80. tall,Adjectives,80. tall#1,test,include
Adjectives/80. tall/MVI_5196.MOV,80. tall,Adjectives,80. tall#1,test,include
Adjectives/80. tall/MVI_5273.MOV,80. tall,Adjectives,80. tall#2,test,include
Adjectives/80. tall/MVI_5274.MOV,80. tall,Adjectives,80. tall#2,test,include
Adjectives/80. tall/MVI_5276.MOV,80. tall,Adjectives,80. tall#2,test,include
Adjectives/80. tall/MVI_9223.MOV,80. tall,Adjectives,80. tall#3,train,include
Adjectives/80. tall/MVI_9224.MOV,80. tall,Adjectives,80. tall#3,train,include
Adjectives/80. tall/MVI_9225.MOV,80. tall,Adjectives,80. tall#3,train,include
Adjectives/80. tall/MVI_9307.MOV,80. tall,Adjectives,80. tall#4,train,include
Adjectives/80. tall/MVI_9308.MOV,80. tall,Adjectives,80. tall#4,train,include
Adjectives/80. tall/MVI_9309.MOV,80. tall,Adjectives,80. tall#4,train,include
Adjectives/80. tall/MVI_9384.MOV,80. tall,Adjectives,80. tall#5,train,include
Adjectives/80. tall/MVI_9386.MOV,80. tall,Adjectives,80. tall#5,train,include
Adjectives/80. tall/MVI_9387.MOV,80. tall,Adjectives,80. tall#5,train,include
Adjectives/80. tall/MVI_9464.MOV,80. tall,Adjectives,80. tall#6,train,include
Adjectives/80. tall/MVI_9465.MOV,80. tall,Adjectives,80. tall#6,train,include
Adjectives/80. tall/MVI_9466.MOV,80. tall,Adjectives,80. tall#6,train,include
Adjectives/81. wide/MVI_5117.MOV,81. wide,Adjectives,81. wide#0,test,include
Adjectives/81. wide/MVI_5118.MOV,81. wide,Adjectives,81. wide#0,test,include
Adjectives/81. wide/MVI_5119.MOV,81. wide,Adjectives,81. wide#0,test,include
Adjectives/81. wide/MVI_5197.MOV,81. wide,Adjectives,81. wide#1,test,include
Adjectives/81. wide/MVI_5198.MOV,81. wide,Adjectives,81. wide#1,test,include
Adjectives/81. wide/MVI_5199.MOV,81. wide,Adjectives,81. wide#1,test,include
Adjectives/81. wide/MVI_5277.MOV,81. wide,Adjectives,81. wide#2,test,include
Adjectives/81. wide/MVI_5278.MOV,81. wide,Adjectives,81. wide#2,test,include
Adjectives/81. wide/MVI_5279.MOV,81. wide,Adjectives,81. wide#2,test,include
Adjectives/81. wide/MVI_9227.MOV,81. wide,Adjectives,81. wide#3,train,include
Adjectives/81. wide/MVI_9228.MOV,81. wide,Adjectives,81. wide#3,train,include
Adjectives/81. wide/MVI_9229.MOV,81. wide,Adjectives,81. wide#3,train,include
Adjectives/81. wide/MVI_9310.MOV,81. wide,Adjectives,81. wide#4,train,include
Adjectives/81. wide/MVI_9311.MOV,81. wide,Adjectives,81. wide#4,train,include
Adjectives/81. wide/MVI_9312.MOV,81. wide,Adjectives,81. wide#4,train,include
Adjectives/81. wide/MVI_9388.MOV,81. wide,Adjectives,81. wide#5,train,include
Adjectives/81. wide/MVI_9389.MOV,81. wide,Adjectives,81. wide#5,train,include
Adjectives/81. wide/MVI_9390.MOV,81. wide,Adjectives,81. wide#5,train,include
Adjectives/81. wide/MVI_9467.MOV,81. wide,Adjectives,81. wide#6,train,include
Adjectives/81. wide/MVI_9468.MOV,81. wide,Adjectives,81. wide#6,train,include
Adjectives/81. wide/MVI_9469.MOV,81. wide,Adjectives,81. wide#6,train,include
Adjectives/82. narrow/MVI_5120.MOV,82. narrow,Adjectives,82. narrow#0,test,include
Adjectives/82. narrow/MVI_5121.MOV,82. narrow,Adjectives,82. narrow#0,test,include
Adjectives/82. narrow/MVI_5122.MOV,82. narrow,Adjectives,82. narrow#0,test,include
Adjectives/82. narrow/MVI_5200.MOV,82. narrow,Adjectives,82. narrow#1,test,include
Adjectives/82. narrow/MVI_5201.MOV,82. narrow,Adjectives,82. narrow#1,test,include
Adjectives/82. narrow/MVI_5202.MOV,82. narrow,Adjectives,82. narrow#1,test,include
Adjectives/82. narrow/MVI_5280.MOV,82. narrow,Adjectives,82. narrow#2,test,include
Adjectives/82. narrow/MVI_5281.MOV,82. narrow,Adjectives,82. narrow#2,test,include
Adjectives/82. narrow/MVI_5282.MOV,82. narrow,Adjectives,82. narrow#2,test,include
Adjectives/82. narrow/MVI_9230.MOV,82. narrow,Adjectives,82. narrow#3,train,include
Adjectives/82. narrow/MVI_9231.MOV,82. narrow,Adjectives,82. narrow#3,train,include
Adjectives/82. narrow/MVI_9232.MOV,82. narrow,Adjectives,82. narrow#3,train,include
Adjectives/82. narrow/MVI_9313.MOV,82. narrow,Adjectives,82. narrow#4,train,include
Adjectives/82. narrow/MVI_9314.MOV,82. narrow,Adjectives,82. narrow#4,train,include
Adjectives/82. narrow/MVI_9315.MOV,82. narrow,Adjectives,82. narrow#4,train,include
Adjectives/82. narrow/MVI_9391.MOV,82. narrow,Adjectives,82. narrow#5,train,include
Adjectives/82. narrow/MVI_9392.MOV,82. narrow,Adjectives,82. narrow#5,train,include
Adjectives/82. narrow/MVI_9393.MOV,82. narrow,Adjectives,82. narrow#5,train,include
Adjectives/82. narrow/MVI_9471.MOV,82. narrow,Adjectives,82. narrow#6,train,include
Adjectives/82. narrow/MVI_9472.MOV,82. narrow,Adjectives,82. narrow#6,train,include
Adjectives/82. narrow/MVI_9474.MOV,82. narrow,Adjectives,82. narrow#6,train,include
Adjectives/83. big large/MVI_5123.MOV,83. big large,Adjectives,83. big large#0,test,include
Adjectives/83. big large/MVI_5124.MOV,83. big large,Adjectives,83. big large#0,test,include
Adjectives/83. big large/MVI_5125.MOV,83. big large,Adjectives,83. big large#0,test,include
Adjectives/83. big large/MVI_5203.MOV,83. big large,Adjectives,83. big large#1,test,include
Adjectives/83. big large/MVI_5204.MOV,83. big large,Adjectives,83. big large#1,test,include
Adjectives/83. big large/MVI_5205.MOV,83. big large,Adjectives,83. big large#1,test,include
Adjectives/83. big large/MVI_5283.MOV,83. big large,Adjectives,83. big large#2,test,include
Adjectives/83. big large/MVI_5284.MOV,83. big large,Adjectives,83. big large#2,test,include
Adjectives/83. big large/MVI_5285.MOV,83. big large,Adjectives,83. big large#2,test,include
Adjectives/83. big large/MVI_9233.MOV,83. big large,Adjectives,83. big large#3,train,include
Adjectives/83. big large/MVI_9234.MOV,83. big large,Adjectives,83. big large#3,train,include
Adjectives/83. big large/MVI_9235.MOV,83. big large,Adjectives,83. big large#3,train,include
Adjectives/83. big large/MVI_9316.MOV,83. big large,Adjectives,83. big large#4,train,include
Adjectives/83. big large/MVI_9317.MOV,83. big large,Adjectives,83. big large#4,train,include
Adjectives/83. big large/MVI_9318.MOV,83. big large,Adjectives,83. big large#4,train,include
Adjectives/83. big large/MVI_9394.MOV,83. big large,Adjectives,83. big large#5,train,include
Adjectives/83. big large/MVI_9395.MOV,83. big large,Adjectives,83. big large#5,train,include
Adjectives/83. big large/MVI_9396.MOV,83. big large,Adjectives,83. big large#5,train,include
Adjectives/83. big large/MVI_9475.MOV,83. big large,Adjectives,83. big large#6,train,include
Adjectives/83. big large/MVI_9476.MOV,83. big large,Adjectives,83. big large#6,train,include
Adjectives/83. big large/MVI_9477.MOV,83. big large,Adjectives,83. big large#6,train,include
Adjectives/84. small little/MVI_5126.MOV,84. small little,Adjectives,84. small little#0,test,include
Adjectives/84. small little/MVI_5127.MOV,84. small little,Adjectives,84. small little#0,test,include
Adjectives/84. small little/MVI_5128.MOV,84. small little,Adjectives,84. small little#0,test,include
Adjectives/84. small little/MVI_5206.MOV,84. small little,Adjectives,84. small little#1,test,include
Adjectives/84. small little/MVI_5207.MOV,84. small little,Adjectives,84. small little#1,test,include
Adjectives/84. small little/MVI_5208.MOV,84. small little,Adjectives,84. small little#1,test,include
Adjectives/84. small little/MVI_5286.MOV,84. small little,Adjectives,84. small little#2,test,include
Adjectives/84. small little/MVI_5287.MOV,84. small little,Adjectives,84. small little#2,test,include
Adjectives/84. small little/MVI_5288.MOV,84. small little,Adjectives,84. small little#2,test,include
Adjectives/84. small little/MVI_9236.MOV,84. small little,Adjectives,84. small little#3,train,include
Adjectives/84. small little/MVI_9237.MOV,84. small little,Adjectives,84. small little#3,train,include
Adjectives/84. small little/MVI_9238.MOV,84. small little,Adjectives,84. small little#3,train,include
Adjectives/84. small little/MVI_9319.MOV,84. small little,Adjectives,84. small little#4,train,include
Adjectives/84. small little/MVI_9320.MOV,84. small little,Adjectives,84. small little#4,train,include
Adjectives/84. small little/MVI_9321.MOV,84. small little,Adjectives,84. small little#4,train,include
Adjectives/84. small little/MVI_9397.MOV,84. small little,Adjectives,84. small little#5,train,include
Adjectives/84. small little/MVI_9398.MOV,84. small little,Adjectives,84. small little#5,train,include
Adjectives/84. small little/MVI_9400.MOV,84. small little,Adjectives,84. small little#5,train,include
Adjectives/84. small little/MVI_9478.MOV,84. small little,Adjectives,84. small little#6,train,include
Adjectives/84. small little/MVI_9479.MOV,84. small little,Adjectives,84. small little#6,train,include
Adjectives/84. small little/MVI_9480.MOV,84. small little,Adjectives,84. small little#6,train,include
Adjectives/85. slow/MVI_5130.MOV,85. slow,Adjectives,85. slow#0,test,include
Adjectives/85. slow/MVI_5131.MOV,85. slow,Adjectives,85. slow#0,test,include
Adjectives/85. slow/MVI_5132.MOV,85. slow,Adjectives,85. slow#0,test,include
Adjectives/85. slow/MVI_5210.MOV,85. slow,Adjectives,85. slow#1,test,include
Adjectives/85. slow/MVI_5211.MOV,85. slow,Adjectives,85. slow#1,test,include
Adjectives/85. slow/MVI_5212.MOV,85. slow,Adjectives,85. slow#1,test,include
Adjectives/85. slow/MVI_5289.MOV,85. slow,Adjectives,85. slow#2,test,include
Adjectives/85. slow/MVI_5290.MOV,85. slow,Adjectives,85. slow#2,test,include
Adjectives/85. slow/MVI_5291.MOV,85. slow,Adjectives,85. slow#2,test,include
Adjectives/85. slow/MVI_9240.MOV,85. slow,Adjectives,85. slow#3,train,include
Adjectives/85. slow/MVI_9242.MOV,85. slow,Adjectives,85. slow#3,train,include
Adjectives/85. slow/MVI_9243.MOV,85. slow,Adjectives,85. slow#3,train,include
Adjectives/85. slow/MVI_9322.MOV,85. slow,Adjectives,85. slow#4,train,include
Adjectives/85. slow/MVI_9323.MOV,85. slow,Adjectives,85. slow#4,train,include
Adjectives/85. slow/MVI_9324.MOV,85. slow,Adjectives,85. slow#4,train,include
Adjectives/85. slow/MVI_9402.MOV,85. slow,Adjectives,85. slow#5,train,include
Adjectives/85. slow/MVI_9403.MOV,85. slow,Adjectives,85. slow#5,train,include
Adjectives/85. slow/MVI_9404.MOV,85. slow,Adjectives,85. slow#5,train,include
Adjectives/85. slow/MVI_9481.MOV,85. slow,Adjectives,85. slow#6,train,include
Adjectives/85. slow/MVI_9482.MOV,85. slow,Adjectives,85. slow#6,train,include
Adjectives/85. slow/MVI_9483.MOV,85. slow,Adjectives,85. slow#6,train,include
Adjectives/86. fast/MVI_5133.MOV,86. fast,Adjectives,86. fast#0,test,include
Adjectives/86. fast/MVI_5134.MOV,86. fast,Adjectives,86. fast#0,test,include
Adjectives/86. fast/MVI_5135.MOV,86. fast,Adjectives,86. fast#0,test,include
Adjectives/86. fast/MVI_5213.MOV,86. fast,Adjectives,86. fast#1,test,include
Adjectives/86. fast/MVI_5214.MOV,86. fast,Adjectives,86. fast#1,test,include
Adjectives/86. fast/MVI_5215.MOV,86. fast,Adjectives,86. fast#1,test,include
Adjectives/86. fast/MVI_5292.MOV,86. fast,Adjectives,86. fast#2,test,include
Adjectives/86. fast/MVI_5293.MOV,86. fast,Adjectives,86. fast#2,test,include
Adjectives/86. fast/MVI_5294.MOV,86. fast,Adjectives,86. fast#2,test,include
Adjectives/86. fast/MVI_9244.MOV,86. fast,Adjectives,86. fast#3,train,include
Adjectives/86. fast/MVI_9245.MOV,86. fast,Adjectives,86. fast#3,train,include
Adjectives/86. fast/MVI_9246.MOV,86. fast,Adjectives,86. fast#3,train,include
Adjectives/86. fast/MVI_9325.MOV,86. fast,Adjectives,86. fast#4,train,include
Adjectives/86. fast/MVI_9326.MOV,86. fast,Adjectives,86. fast#4,train,include
Adjectives/86. fast/MVI_9327.MOV,86. fast,Adjectives,86. fast#4,train,include
Adjectives/86. fast/MVI_9405.MOV,86. fast,Adjectives,86. fast#5,train,include
Adjectives/86. fast/MVI_9406.MOV,86. fast,Adjectives,86. fast#5,train,include
Adjectives/86. fast/MVI_9407.MOV,86. fast,Adjectives,86. fast#5,train,include
Adjectives/86. fast/MVI_9484.MOV,86. fast,Adjectives,86. fast#6,train,include
Adjectives/86. fast/MVI_9485.MOV,86. fast,Adjectives,86. fast#6,train,include
Adjectives/86. fast/MVI_9486.MOV,86. fast,Adjectives,86. fast#6,train,include
Adjectives/87. hot/MVI_5136.MOV,87. hot,Adjectives,87. hot#0,test,include
Adjectives/87. hot/MVI_5137.MOV,87. hot,Adjectives,87. hot#0,test,include
Adjectives/87. hot/MVI_5138.MOV,87. hot,Adjectives,87. hot#0,test,include
Adjectives/87. hot/MVI_5216.MOV,87. hot,Adjectives,87. hot#1,test,include
Adjectives/87. hot/MVI_5217.MOV,87. hot,Adjectives,87. hot#1,test,include
Adjectives/87. hot/MVI_5218.MOV,87. hot,Adjectives,87. hot#1,test,include
Adjectives/87. hot/MVI_5295.MOV,87. hot,Adjectives,87. hot#2,test,include
Adjectives/87. hot/MVI_5296.MOV,87. hot,Adjectives,87. hot#2,test,include
Adjectives/87. hot/MVI_5297.MOV,87. hot,Adjectives,87. hot#2,test,include
Adjectives/87. hot/MVI_9247.MOV,87. hot,Adjectives,87. hot#3,train,include
Adjectives/87. hot/MVI_9248.MOV,87. hot,Adjectives,87. hot#3,train,include
Adjectives/87. hot/MVI_9249.MOV,87. hot,Adjectives,87. hot#3,train,include
Adjectives/87. hot/MVI_9328.MOV,87. hot,Adjectives,87. hot#4,train,include
Adjectives/87. hot/MVI_9329.MOV,87. hot,Adjectives,87. hot#4,train,include
Adjectives/87. hot/MVI_9330.MOV,87. hot,Adjectives,87. hot#4,train,include
Adjectives/87. hot/MVI_9408.MOV,87. hot,Adjectives,87. hot#5,train,include
Adjectives/87. hot/MVI_9409.MOV,87. hot,Adjectives,87. hot#5,train,include
Adjectives/87. hot/MVI_9410.MOV,87. hot,Adjectives,87. hot#5,train,include
Adjectives/87. hot/MVI_9487.MOV,87. hot,Adjectives,87. hot#6,train,include
Adjectives/87. hot/MVI_9488.MOV,87. hot,Adjectives,87. hot#6,train,include
Adjectives/87. hot/MVI_9489.MOV,87. hot,Adjectives,87. hot#6,train,include
Adjectives/89. warm/MVI_5141.MOV,89. warm,Adjectives,89. warm#0,test,include
Adjectives/89. warm/MVI_5143.MOV,89. warm,Adjectives,89. warm#0,test,include
Adjectives/89. warm/MVI_5144.MOV,89. warm,Adjectives,89. warm#0,test,include
Adjectives/89. warm/MVI_5222.MOV,89. warm,Adjectives,89. warm#1,test,include
Adjectives/89. warm/MVI_5223.MOV,89. warm,Adjectives,89. warm#1,test,include
Adjectives/89. warm/MVI_5224.MOV,89. warm,Adjectives,89. warm#1,test,include
Adjectives/89. warm/MVI_5301.MOV,89. warm,Adjectives,89. warm#2,test,include
Adjectives/89. warm/MVI_5302.MOV,89. warm,Adjectives,89. warm#2,test,include
Adjectives/89. warm/MVI_5303.MOV,89. warm,Adjectives,89. warm#2,test,include
Adjectives/89. warm/MVI_9253.MOV,89. warm,Adjectives,89. warm#3,train,include
Adjectives/89. warm/MVI_9254.MOV,89. warm,Adjectives,89. warm#3,train,include
Adjectives/89. warm/MVI_9255.MOV,89. warm,Adjectives,89. warm#3,train,include
Adjectives/89. warm/MVI_9334.MOV,89. warm,Adjectives,89. warm#4,train,include
Adjectives/89. warm/MVI_9335.MOV,89. warm,Adjectives,89. warm#4,train,include
Adjectives/89. warm/MVI_9336.MOV,89. warm,Adjectives,89. warm#4,train,include
Adjectives/89. warm/MVI_9415.MOV,89. warm,Adjectives,89. warm#5,train,include
Adjectives/89. warm/MVI_9416.MOV,89. warm,Adjectives,89. warm#5,train,include
Adjectives/89. warm/MVI_9417.MOV,89. warm,Adjectives,89. warm#5,train,include
Adjectives/89. warm/MVI_9493.MOV,89. warm,Adjectives,89. warm#6,train,include
Adjectives/89. warm/MVI_9494.MOV,89. warm,Adjectives,89. warm#6,train,include
Adjectives/89. warm/MVI_9495.MOV,89. warm,Adjectives,89. warm#6,train,include
Adjectives/90. cool/MVI_5145.MOV,90. cool,Adjectives,90. cool#0,test,include
Adjectives/90. cool/MVI_5146.MOV,90. cool,Adjectives,90. cool#0,test,include
Adjectives/90. cool/MVI_5147.MOV,90. cool,Adjectives,90. cool#0,test,include
Adjectives/90. cool/MVI_5225.MOV,90. cool,Adjectives,90. cool#1,test,include
Adjectives/90. cool/MVI_5226.MOV,90. cool,Adjectives,90. cool#1,test,include
Adjectives/90. cool/MVI_5227.MOV,90. cool,Adjectives,90. cool#1,test,include
Adjectives/90. cool/MVI_5304.MOV,90. cool,Adjectives,90. cool#2,test,include
Adjectives/90. cool/MVI_5305.MOV,90. cool,Adjectives,90. cool#2,test,include
Adjectives/90. cool/MVI_5306.MOV,90. cool,Adjectives,90. cool#2,test,include
Adjectives/90. cool/MVI_9256.MOV,90. cool,Adjectives,90. cool#3,train,include
Adjectives/90. cool/MVI_9257.MOV,90. cool,Adjectives,90. cool#3,train,include
Adjectives/90. cool/MVI_9258.MOV,90. cool,Adjectives,90. cool#3,train,include
Adjectives/90. cool/MVI_9337.MOV,90. cool,Adjectives,90. cool#4,train,include
Adjectives/90. cool/MVI_9338.MOV,90. cool,Adjectives,90. cool#4,train,include
Adjectives/90. cool/MVI_9339.MOV,90. cool,Adjectives,90. cool#4,train,include
Adjectives/90. cool/MVI_9418.MOV,90. cool,Adjectives,90. cool#5,train,include
Adjectives/90. cool/MVI_9419.MOV,90. cool,Adjectives,90. cool#5,train,include
Adjectives/90. cool/MVI_9420.MOV,90. cool,Adjectives,90. cool#5,train,include
Adjectives/90. cool/MVI_9497.MOV,90. cool,Adjectives,90. cool#6,train,include
Adjectives/90. cool/MVI_9498.MOV,90. cool,Adjectives,90. cool#6,train,include
Adjectives/90. cool/MVI_9499.MOV,90. cool,Adjectives,90. cool#6,train,include
Adjectives/91. new/MVI_5148.MOV,91. new,Adjectives,91. new#0,test,include
Adjectives/91. new/MVI_5150.MOV,91. new,Adjectives,91. new#0,test,include
Adjectives/91. new/MVI_5151.MOV,91. new,Adjectives,91. new#0,test,include
Adjectives/91. new/MVI_5229.MOV,91. new,Adjectives,91. new#1,test,include
Adjectives/91. new/MVI_5230.MOV,91. new,Adjectives,91. new#1,test,include
Adjectives/91. new/MVI_5231.MOV,91. new,Adjectives,91. new#1,test,include
Adjectives/91. new/MVI_5307.MOV,91. new,Adjectives,91. new#2,test,include
Adjectives/91. new/MVI_5308.MOV,91. new,Adjectives,91. new#2,test,include
Adjectives/91. new/MVI_5309.MOV,91. new,Adjectives,91. new#2,test,include
Adjectives/91. new/MVI_9259.MOV,91. new,Adjectives,91. new#3,train,include
Adjectives/91. new/MVI_9260.MOV,91. new,Adjectives,91. new#3,train,include
Adjectives/91. new/MVI_9261.MOV,91. new,Adjectives,91. new#3,train,include
Adjectives/91. new/MVI_9340.MOV,91. new,Adjectives,91. new#4,train,include
Adjectives/91. new/MVI_9341.MOV,91. new,Adjectives,91. new#4,train,include
Adjectives/91. new/MVI_9342.MOV,91. new,Adjectives,91. new#4,train,include
Adjectives/91. new/MVI_9421.MOV,91. new,Adjectives,91. new#5,train,include
Adjectives/91. new/MVI_9422.MOV,91. new,Adjectives,91. new#5,train,include
Adjectives/91. new/MVI_9423.MOV,91. new,Adjectives,91. new#5,train,include
Adjectives/91. new/MVI_9500.MOV,91. new,Adjectives,91. new#6,train,include
Adjectives/91. new/MVI_9501.MOV,91. new,Adjectives,91. new#6,train,include
Adjectives/91. new/MVI_9502.MOV,91. new,Adjectives,91. new#6,train,include
Adjectives/92. old/MVI_5152.MOV,92. old,Adjectives,92. old#0,test,include
Adjectives/92. old/MVI_5153.MOV,92. old,Adjectives,92. old#0,test,include
Adjectives/92. old/MVI_5154.MOV,92. old,Adjectives,92. old#0,test,include
Adjectives/92. old/MVI_5232.MOV,92. old,Adjectives,92. old#1,test,include
Adjectives/92. old/MVI_5233.MOV,92. old,Adjectives,92. old#1,test,include
Adjectives/92. old/MVI_5234.MOV,92. old,Adjectives,92. old#1,test,include
Adjectives/92. old/MVI_5310.MOV,92. old,Adjectives,92. old#2,test,include
Adjectives/92. old/MVI_5311.MOV,92. old,Adjectives,92. old#2,test,include
Adjectives/92. old/MVI_5312.MOV,92. old,Adjectives,92. old#2,test,include
Adjectives/92. old/MVI_9262.MOV,92. old,Adjectives,92. old#3,train,include
Adjectives/92. old/MVI_9263.MOV,92. old,Adjectives,92. old#3,train,include
Adjectives/92. old/MVI_9264.MOV,92. old,Adjectives,92. old#3,train,include
Adjectives/92. old/MVI_9343.MOV,92. old,Adjectives,92. old#4,train,include
Adjectives/92. old/MVI_9344.MOV,92. old,Adjectives,92. old#4,train,include
Adjectives/92. old/MVI_9345.MOV,92. old,Adjectives,92. old#4,train,include
Adjectives/92. old/MVI_9424.MOV,92. old,Adjectives,92. old#5,train,include
Adjectives/92. old/MVI_9425.MOV,92. old,Adjectives,92. old#5,train,include
Adjectives/92. old/MVI_9426.MOV,92. old,Adjectives,92. old#5,train,include
Adjectives/92. old/MVI_9504.MOV,92. old,Adjectives,92. old#6,train,include
Adjectives/92. old/MVI_9505.MOV,92. old,Adjectives,92. old#6,train,include
Adjectives/92. old/MVI_9506.MOV,92. old,Adjectives,92. old#6,train,include
Adjectives/93. young/MVI_5155.MOV,93. young,Adjectives,93. young#0,test,include
Adjectives/93. young/MVI_5156.MOV,93. young,Adjectives,93. young#0,test,include
Adjectives/93. young/MVI_5157.MOV,93. young,Adjectives,93. young#0,test,include
Adjectives/93. young/MVI_5235.MOV,93. young,Adjectives,93. young#1,test,include
Adjectives/93. young/MVI_5236.MOV,93. young,Adjectives,93. young#1,test,include
Adjectives/93. young/MVI_5237.MOV,93. young,Adjectives,93. young#1,test,include
Adjectives/93. young/MVI_5313.MOV,93. young,Adjectives,93. young#2,test,include
Adjectives/93. young/MVI_5314.MOV,93. young,Adjectives,93. young#2,test,include
Adjectives/93. young/MVI_5315.MOV,93. young,Adjectives,93. young#2,test,include
Adjectives/93. young/MVI_9265.MOV,93. young,Adjectives,93. young#3,train,include
Adjectives/93. young/MVI_9266.MOV,93. young,Adjectives,93. young#3,train,include
Adjectives/93. young/MVI_9267.MOV,93. young,Adjectives,93. young#3,train,include
Adjectives/93. young/MVI_9346.MOV,93. young,Adjectives,93. young#4,train,include
Adjectives/93. young/MVI_9347.MOV,93. young,Adjectives,93. young#4,train,include
Adjectives/93. young/MVI_9348.MOV,93. young,Adjectives,93. young#4,train,include
Adjectives/93. young/MVI_9427.MOV,93. young,Adjectives,93. young#5,train,include
Adjectives/93. young/MVI_9428.MOV,93. young,Adjectives,93. young#5,train,include
Adjectives/93. young/MVI_9429.MOV,93. young,Adjectives,93. young#5,train,include
Adjectives/93. young/MVI_9507.MOV,93. young,Adjectives,93. young#6,train,include
Adjectives/93. young/MVI_9508.MOV,93. young,Adjectives,93. young#6,train,include
Adjectives/93. young/MVI_9509.MOV,93. young,Adjectives,93. young#6,train,include
Adjectives/94. good/MVI_5158.MOV,94. good,Adjectives,94. good#0,test,include
Adjectives/94. good/MVI_5159.MOV,94. good,Adjectives,94. good#0,test,include
Adjectives/94. good/MVI_5160.MOV,94. good,Adjectives,94. good#0,test,include
Adjectives/94. good/MVI_5238.MOV,94. good,Adjectives,94. good#1,test,include
Adjectives/94. good/MVI_5239.MOV,94. good,Adjectives,94. good#1,test,include
Adjectives/94. good/MVI_5240.MOV,94. good,Adjectives,94. good#1,test,include
Adjectives/94. good/MVI_5316.MOV,94. good,Adjectives,94. good#2,test,include
Adjectives/94. good/MVI_5317.MOV,94. good,Adjectives,94. good#2,test,include
Adjectives/94. good/MVI_5318.MOV,94. good,Adjectives,94. good#2,test,include
Adjectives/94. good/MVI_9268.MOV,94. good,Adjectives,94. good#3,train,include
Adjectives/94. good/MVI_9269.MOV,94. good,Adjectives,94. good#3,train,include
Adjectives/94. good/MVI_9270.MOV,94. good,Adjectives,94. good#3,train,include
Adjectives/94. good/MVI_9349.MOV,94. good,Adjectives,94. good#4,train,include
Adjectives/94. good/MVI_9350.MOV,94. good,Adjectives,94. good#4,train,include
Adjectives/94. good/MVI_9351.MOV,94. good,Adjectives,94. good#4,train,include
Adjectives/94. good/MVI_9430.MOV,94. good,Adjectives,94. good#5,train,include
Adjectives/94. good/MVI_9431.MOV,94. good,Adjectives,94. good#5,train,include
Adjectives/94. good/MVI_9432.MOV,94. good,Adjectives,94. good#5,train,include
Adjectives/94. good/MVI_9510.MOV,94. good,Adjectives,94. good#6,train,include
Adjectives/94. good/MVI_9511.MOV,94. good,Adjectives,94. good#6,train,include
Adjectives/94. good/MVI_9512.MOV,94. good,Adjectives,94. good#6,train,include
Adjectives/95. bad/MVI_5161.MOV,95. bad,Adjectives,95. bad#0,test,include
Adjectives/95. bad/MVI_5162.MOV,95. bad,Adjectives,95. bad#0,test,include
Adjectives/95. bad/MVI_5163.MOV,95. bad,Adjectives,95. bad#0,test,include
Adjectives/95. bad/MVI_5241.MOV,95. bad,Adjectives,95. bad#1,test,include
Adjectives/95. bad/MVI_5242.MOV,95. bad,Adjectives,95. bad#1,test,include
Adjectives/95. bad/MVI_5243.MOV,95. bad,Adjectives,95. bad#1,test,include
Adjectives/95. bad/MVI_5319.MOV,95. bad,Adjectives,95. bad#2,test,include
Adjectives/95. bad/MVI_5320.MOV,95. bad,Adjectives,95. bad#2,test,include
Adjectives/95. bad/MVI_5321.MOV,95. bad,Adjectives,95. bad#2,test,include
Adjectives/95. bad/MVI_9271.MOV,95. bad,Adjectives,95. bad#3,train,include
Adjectives/95. bad/MVI_9272.MOV,95. bad,Adjectives,95. bad#3,train,include
Adjectives/95. bad/MVI_9273.MOV,95. bad,Adjectives,95. bad#3,train,include
Adjectives/95. bad/MVI_9352.MOV,95. bad,Adjectives,95. bad#4,train,include
Adjectives/95. bad/MVI_9353.MOV,95. bad,Adjectives,95. bad#4,train,include
Adjectives/95. bad/MVI_9354.MOV,95. bad,Adjectives,95. bad#4,train,include
Adjectives/95. bad/MVI_9433.MOV,95. bad,Adjectives,95. bad#5,train,include
Adjectives/95. bad/MVI_9434.MOV,95. bad,Adjectives,95. bad#5,train,include
Adjectives/95. bad/MVI_9435.MOV,95. bad,Adjectives,95. bad#5,train,include
Adjectives/95. bad/MVI_9513.MOV,95. bad,Adjectives,95. bad#6,train,include
Adjectives/95. bad/MVI_9514.MOV,95. bad,Adjectives,95. bad#6,train,include
Adjectives/95. bad/MVI_9516.MOV,95. bad,Adjectives,95. bad#6,train,include
Adjectives/96. wet/MVI_5164.MOV,96. wet,Adjectives,96. wet#0,test,include
Adjectives/96. wet/MVI_5165.MOV,96. wet,Adjectives,96. wet#0,test,include
Adjectives/96. wet/MVI_5166.MOV,96. wet,Adjectives,96. wet#0,test,include
Adjectives/96. wet/MVI_5244.MOV,96. wet,Adjectives,96. wet#1,test,include
Adjectives/96. wet/MVI_5245.MOV,96. wet,Adjectives,96. wet#1,test,include
Adjectives/96. wet/MVI_5246.MOV,96. wet,Adjectives,96. wet#1,test,include
Adjectives/96. wet/MVI_5322.MOV,96. wet,Adjectives,96. wet#2,test,include
Adjectives/96. wet/MVI_5323.MOV,96. wet,Adjectives,96. wet#2,test,include
Adjectives/96. wet/MVI_5324.MOV,96. wet,Adjectives,96. wet#2,test,include
Adjectives/96. wet/MVI_9274.MOV,96. wet,Adjectives,96. wet#3,train,include
Adjectives/96. wet/MVI_9275.MOV,96. wet,Adjectives,96. wet#3,train,include
Adjectives/96. wet/MVI_9276.MOV,96. wet,Adjectives,96. wet#3,train,include
Adjectives/96. wet/MVI_9355.MOV,96. wet,Adjectives,96. wet#4,train,include
Adjectives/96. wet/MVI_9356.MOV,96. wet,Adjectives,96. wet#4,train,include
Adjectives/96. wet/MVI_9357.MOV,96. wet,Adjectives,96. wet#4,train,include
Adjectives/96. wet/MVI_9436.MOV,96. wet,Adjectives,96. wet#5,train,include
Adjectives/96. wet/MVI_9437.MOV,96. wet,Adjectives,96. wet#5,train,include
Adjectives/96. wet/MVI_9438.MOV,96. wet,Adjectives,96. wet#5,train,include
Adjectives/96. wet/MVI_9517.MOV,96. wet,Adjectives,96. wet#6,train,include
Adjectives/96. wet/MVI_9518.MOV,96. wet,Adjectives,96. wet#6,train,include
Adjectives/96. wet/MVI_9520.MOV,96. wet,Adjectives,96. wet#6,train,include
Adjectives/97. dry/MVI_5167.MOV,97. dry,Adjectives,97. dry#0,test,include
Adjectives/97. dry/MVI_5168.MOV,97. dry,Adjectives,97. dry#0,test,include
Adjectives/97. dry/MVI_5169.MOV,97. dry,Adjectives,97. dry#0,test,include
Adjectives/97. dry/MVI_5248.MOV,97. dry,Adjectives,97. dry#1,test,include
Adjectives/97. dry/MVI_5249.MOV,97. dry,Adjectives,97. dry#1,test,include
Adjectives/97. dry/MVI_5250.MOV,97. dry,Adjectives,97. dry#1,test,include
Adjectives/97. dry/MVI_5326.MOV,97. dry,Adjectives,97. dry#2,test,include
Adjectives/97. dry/MVI_5327.MOV,97. dry,Adjectives,97. dry#2,test,include
Adjectives/97. dry/MVI_5328.MOV,97. dry,Adjectives,97. dry#2,test,include
Adjectives/97. dry/MVI_9277.MOV,97. dry,Adjectives,97. dry#3,train,include
Adjectives/97. dry/MVI_9278.MOV,97. dry,Adjectives,97. dry#3,train,include
Adjectives/97. dry/MVI_9279.MOV,97. dry,Adjectives,97. dry#3,train,include
Adjectives/97. dry/MVI_9359.MOV,97. dry,Adjectives,97. dry#4,train,include
Adjectives/97. dry/MVI_9360.MOV,97. dry,Adjectives,97. dry#4,train,include
Adjectives/97. dry/MVI_9361.MOV,97. dry,Adjectives,97. dry#4,train,include
Adjectives/97. dry/MVI_9439.MOV,97. dry,Adjectives,97. dry#5,train,include
Adjectives/97. dry/MVI_9440.MOV,97. dry,Adjectives,97. dry#5,train,include
Adjectives/97. dry/MVI_9441.MOV,97. dry,Adjectives,97. dry#5,train,include
Adjectives/97. dry/MVI_9521.MOV,97. dry,Adjectives,97. dry#6,train,include
Adjectives/97. dry/MVI_9522.MOV,97. dry,Adjectives,97. dry#6,train,include
Adjectives/97. dry/MVI_9523.MOV,97. dry,Adjectives,97. dry#6,train,include
Adjectives/98. sick/MVI_5170.MOV,98. sick,Adjectives,98. sick#0,test,include
Adjectives/98. sick/MVI_5171.MOV,98. sick,Adjectives,98. sick#0,test,include
Adjectives/98. sick/MVI_5172.MOV,98. sick,Adjectives,98. sick#0,test,include
Adjectives/98. sick/MVI_5251.MOV,98. sick,Adjectives,98. sick#1,test,include
Adjectives/98. sick/MVI_5252.MOV,98. sick,Adjectives,98. sick#1,test,include
Adjectives/98. sick/MVI_5253.MOV,98. sick,Adjectives,98. sick#1,test,include
Adjectives/98. sick/MVI_5329.MOV,98. sick,Adjectives,98. sick#2,test,include
Adjectives/98. sick/MVI_5330.MOV,98. sick,Adjectives,98. sick#2,test,include
Adjectives/98. sick/MVI_5331.MOV,98. sick,Adjectives,98. sick#2,test,include
Adjectives/98. sick/MVI_9280.MOV,98. sick,Adjectives,98. sick#3,train,include
Adjectives/98. sick/MVI_9281.MOV,98. sick,Adjectives,98. sick#3,train,include
Adjectives/98. sick/MVI_9282.MOV,98. sick,Adjectives,98. sick#3,train,include
Adjectives/98. sick/MVI_9362.MOV,98. sick,Adjectives,98. sick#4,train,include
Adjectives/98. sick/MVI_9363.MOV,98. sick,Adjectives,98. sick#4,train,include
Adjectives/98. sick/MVI_9364.MOV,98. sick,Adjectives,98. sick#4,train,include
Adjectives/98. sick/MVI_9442.MOV,98. sick,Adjectives,98. sick#5,train,include
Adjectives/98. sick/MVI_9443.MOV,98. sick,Adjectives,98. sick#5,train,include
Adjectives/98. sick/MVI_9444.MOV,98. sick,Adjectives,98. sick#5,train,include
Adjectives/98. sick/MVI_9527.MOV,98. sick,Adjectives,98. sick#6,train,include
Adjectives/98. sick/MVI_9528.MOV,98. sick,Adjectives,98. sick#6,train,include
Adjectives/98. sick/MVI_9529.MOV,98. sick,Adjectives,98. sick#6,train,include
Adjectives/99. healthy/MVI_5173.MOV,99. healthy,Adjectives,99. healthy#0,test,include
Adjectives/99. healthy/MVI_5174.MOV,99. healthy,Adjectives,99. healthy#0,test,include
Adjectives/99. healthy/MVI_5175.MOV,99. healthy,Adjectives,99. healthy#0,test,include
Adjectives/99. healthy/MVI_5254.MOV,99. healthy,Adjectives,99. healthy#1,test,include
Adjectives/99. healthy/MVI_5255.MOV,99. healthy,Adjectives,99. healthy#1,test,include
Adjectives/99. healthy/MVI_5256.MOV,99. healthy,Adjectives,99. healthy#1,test,include
Adjectives/99. healthy/MVI_5332.MOV,99. healthy,Adjectives,99. healthy#2,test,include
Adjectives/99. healthy/MVI_5333.MOV,99. healthy,Adjectives,99. healthy#2,test,include
Adjectives/99. healthy/MVI_5334.MOV,99. healthy,Adjectives,99. healthy#2,test,include
Adjectives/99. healthy/MVI_9286.MOV,99. healthy,Adjectives,99. healthy#3,train,include
Adjectives/99. healthy/MVI_9287.MOV,99. healthy,Adjectives,99. healthy#3,train,include
Adjectives/99. healthy/MVI_9288.MOV,99. healthy,Adjectives,99. healthy#3,train,include
Adjectives/99. healthy/MVI_9365.MOV,99. healthy,Adjectives,99. healthy#4,train,include
Adjectives/99. healthy/MVI_9366.MOV,99. healthy,Adjectives,99. healthy#4,train,include
Adjectives/99. healthy/MVI_9367.MOV,99. healthy,Adjectives,99. healthy#4,train,include
Adjectives/99. healthy/MVI_9445.MOV,99. healthy,Adjectives,99. healthy#5,train,include
Adjectives/99. healthy/MVI_9446.MOV,99. healthy,Adjectives,99. healthy#5,train,include
Adjectives/99. healthy/MVI_9447.MOV,99. healthy,Adjectives,99. healthy#5,train,include
Adjectives/99. healthy/MVI_9530.MOV,99. healthy,Adjectives,99. healthy#6,train,include
Adjectives/99. healthy/MVI_9531.MOV,99. healthy,Adjectives,99. healthy#6,train,include
Adjectives/99. healthy/MVI_9532.MOV,99. healthy,Adjectives,99. healthy#6,train,include
Colours/51. Brown/MVI_3731.MOV,51. Brown,Colours,51. Brown#0,train,include
Colours/51. Brown/MVI_3732.MOV,51. Brown,Colours,51. Brown#0,train,include
Colours/51. Brown/MVI_3733.MOV,51. Brown,Colours,51. Brown#0,train,include
Colours/51. Brown/MVI_3878.MOV,51. Brown,Colours,51. Brown#1,train,include
Colours/51. Brown/MVI_3879.MOV,51. Brown,Colours,51. Brown#1,train,include
Colours/51. Brown/MVI_3880.MOV,51. Brown,Colours,51. Brown#1,train,include
Colours/51. Brown/MVI_4030.MOV,51. Brown,Colours,51. Brown#2,train,include
Colours/51. Brown/MVI_4031.MOV,51. Brown,Colours,51. Brown#2,train,include
Colours/51. Brown/MVI_4032.MOV,51. Brown,Colours,51. Brown#2,train,include
Colours/51. Brown/MVI_4212.MOV,51. Brown,Colours,51. Brown#3,train,include
Colours/51. Brown/MVI_4909.MOV,51. Brown,Colours,51. Brown#4,test,include
Colours/51. Brown/MVI_4910.MOV,51. Brown,Colours,51. Brown#4,test,include
Colours/51. Brown/MVI_4911.MOV,51. Brown,Colours,51. Brown#4,test,include
Colours/51. Brown/MVI_5049.MOV,51. Brown,Colours,51. Brown#5,test,include
Colours/51. Brown/MVI_5050.MOV,51. Brown,Colours,51. Brown#5,test,include
Colours/51. Brown/MVI_5051.MOV,51. Brown,Colours,51. Brown#5,test,include
Colours/51. Brown/MVI_5196.MOV,51. Brown,Colours,51. Brown#6,test,include
Colours/51. Brown/MVI_5197.MOV,51. Brown,Colours,51. Brown#6,test,include
Colours/51. Brown/MVI_5198.MOV,51. Brown,Colours,51. Brown#6,test,include
Colours/51. Brown/MVI_5199.MOV,51. Brown,Colours,51. Brown#6,test,include
Colours/51. Brown/MVI_8616.MP4,51. Brown,Colours,51. Brown#7,test,include
Colours/56. Grey/MVI_3746.MOV,56. Grey,Colours,56. Grey#0,train,include
Colours/56. Grey/MVI_3747.MOV,56. Grey,Colours,56. Grey#0,train,include
Colours/56. Grey/MVI_3748.MOV,56. Grey,Colours,56. Grey#0,train,include
Colours/56. Grey/MVI_3749.MOV,56. Grey,Colours,56. Grey#0,train,include
Colours/56. Grey/MVI_3894.MOV,56. Grey,Colours,56. Grey#1,train,include
Colours/56. Grey/MVI_3895.MOV,56. Grey,Colours,56. Grey#1,train,include
Colours/56. Grey/MVI_3896.MOV,56. Grey,Colours,56. Grey#1,train,include
Colours/56. Grey/MVI_4045.MOV,56. Grey,Colours,56. Grey#2,train,include
Colours/56. Grey/MVI_4046.MOV,56. Grey,Colours,56. Grey#2,train,include
Colours/56. Grey/MVI_4047.MOV,56. Grey,Colours,56. Grey#2,train,include
Colours/56. Grey/MVI_4217.MOV,56. Grey,Colours,56. Grey#3,train,include
Colours/56. Grey/MVI_4924.MOV,56. Grey,Colours,56. Grey#4,test,include
Colours/56. Grey/MVI_4926.MOV,56. Grey,Colours,56. Grey#4,test,include
Colours/56. Grey/MVI_4927.MOV,56. Grey,Colours,56. Grey#4,test,include
Colours/56. Grey/MVI_5064.MOV,56. Grey,Colours,56. Grey#5,test,include
Colours/56. Grey/MVI_5065.MOV,56. Grey,Colours,56. Grey#5,test,include
Colours/56. Grey/MVI_5066.MOV,56. Grey,Colours,56. Grey#5,test,include
Colours/56. Grey/MVI_5212.MOV,56. Grey,Colours,56. Grey#6,test,include
Colours/56. Grey/MVI_5213.MOV,56. Grey,Colours,56. Grey#6,test,include
Colours/56. Grey/MVI_5214.MOV,56. Grey,Colours,56. Grey#6,test,include
Colours/56. Grey/MVI_8621.MP4,56. Grey,Colours,56. Grey#7,test,include
Greetings/48. Hello/MVI_0029.MOV,48. Hello,Greetings,48. Hello#0,test,include
Greetings/48. Hello/MVI_0030.MOV,48. Hello,Greetings,48. Hello#0,test,include
Greetings/48. Hello/MVI_0031.MOV,48. Hello,Greetings,48. Hello#0,test,include
Greetings/48. Hello/MVI_0032.MOV,48. Hello,Greetings,48. Hello#0,test,include
Greetings/48. Hello/MVI_0037.MOV,48. Hello,Greetings,48. Hello#0,test,include
Greetings/48. Hello/MVI_0038.MOV,48. Hello,Greetings,48. Hello#0,test,include
Greetings/48. Hello/MVI_0039.MOV,48. Hello,Greetings,48. Hello#0,test,include
Greetings/48. Hello/MVI_0089.MOV,48. Hello,Greetings,48. Hello#1,test,include
Greetings/48. Hello/MVI_0090.MOV,48. Hello,Greetings,48. Hello#1,test,include
Greetings/48. Hello/MVI_0091.MOV,48. Hello,Greetings,48. Hello#1,test,include
Greetings/48. Hello/MVI_9914.MOV,48. Hello,Greetings,48. Hello#2,train,include
Greetings/48. Hello/MVI_9915.MOV,48. Hello,Greetings,48. Hello#2,train,include
Greetings/48. Hello/MVI_9916.MOV,48. Hello,Greetings,48. Hello#2,train,include
Greetings/48. Hello/MVI_9917.MOV,48. Hello,Greetings,48. Hello#2,train,include
Greetings/48. Hello/MVI_9954.MOV,48. Hello,Greetings,48. Hello#3,train,include
Greetings/48. Hello/MVI_9955.MOV,48. Hello,Greetings,48. Hello#3,train,include
Greetings/48. Hello/MVI_9956.MOV,48. Hello,Greetings,48. Hello#3,train,include
Greetings/48. Hello/MVI_9957.MOV,48. Hello,Greetings,48. Hello#3,train,include
Greetings/48. Hello/MVI_9982.MOV,48. Hello,Greetings,48. Hello#4,train,include
Greetings/48. Hello/MVI_9983.MOV,48. Hello,Greetings,48. Hello#4,train,include
Greetings/48. Hello/MVI_9984.MOV,48. Hello,Greetings,48. Hello#4,train,include
Greetings/49. How are you/MVI_0033.MOV,49. How are you,Greetings,49. How are you#0,test,include
Greetings/49. How are you/MVI_0034.MOV,49. How are you,Greetings,49. How are you#0,test,include
Greetings/49. How are you/MVI_0035.MOV,49. How are you,Greetings,49. How are you#0,test,include
Greetings/49. How are you/MVI_0036.MOV,49. How are you,Greetings,49. How are you#0,test,include
Greetings/49. How are you/MVI_0040.MOV,49. How are you,Greetings,49. How are you#0,test,include
Greetings/49. How are you/MVI_0041.MOV,49. How are you,Greetings,49. How are you#0,test,include
Greetings/49. How are you/MVI_0042.MOV,49. How are you,Greetings,49. How are you#0,test,include
Greetings/49. How are you/MVI_0092.MOV,49. How are you,Greetings,49. How are you#1,test,include
Greetings/49. How are you/MVI_0093.MOV,49. How are you,Greetings,49. How are you#1,test,include
Greetings/49. How are you/MVI_0094.MOV,49. How are you,Greetings,49. How are you#1,test,include
Greetings/49. How are you/MVI_9918.MOV,49. How are you,Greetings,49. How are you#2,train,include
Greetings/49. How are you/MVI_9919.MOV,49. How are you,Greetings,49. How are you#2,train,include
Greetings/49. How are you/MVI_9920.MOV,49. How are you,Greetings,49. How are you#2,train,include
Greetings/49. How are you/MVI_9921.MOV,49. How are you,Greetings,49. How are you#2,train,include
Greetings/49. How are you/MVI_9959.MOV,49. How are you,Greetings,49. How are you#3,train,include
Greetings/49. How are you/MVI_9960.MOV,49. How are you,Greetings,49. How are you#3,train,include
Greetings/49. How are you/MVI_9961.MOV,49. How are you,Greetings,49. How are you#3,train,include
Greetings/49. How are you/MVI_9962.MOV,49. How are you,Greetings,49. How are you#3,train,include
Greetings/49. How are you/MVI_9985.MOV,49. How are you,Greetings,49. How are you#4,train,include
Greetings/49. How are you/MVI_9986.MOV,49. How are you,Greetings,49. How are you#4,train,include
Greetings/49. How are you/MVI_9987.MOV,49. How are you,Greetings,49. How are you#4,train,include
Greetings/50. Alright/MVI_0037.MOV,50. Alright,Greetings,50. Alright#0,test,include
Greetings/50. Alright/MVI_0038.MOV,50. Alright,Greetings,50. Alright#0,test,include
Greetings/50. Alright/MVI_0039.MOV,50. Alright,Greetings,50. Alright#0,test,include
Greetings/50. Alright/MVI_0040.MOV,50. Alright,Greetings,50. Alright#0,test,include
Greetings/50. Alright/MVI_0043.MOV,50. Alright,Greetings,50. Alright#0,test,include
Greetings/50. Alright/MVI_0044.MOV,50. Alright,Greetings,50. Alright#0,test,include
Greetings/50. Alright/MVI_0045.MOV,50. Alright,Greetings,50. Alright#0,test,include
Greetings/50. Alright/MVI_0095.MOV,50. Alright,Greetings,50. Alright#1,test,include
Greetings/50. Alright/MVI_0096.MOV,50. Alright,Greetings,50. Alright#1,test,include
Greetings/50. Alright/MVI_0097.MOV,50. Alright,Greetings,50. Alright#1,test,include
Greetings/50. Alright/MVI_9923.MOV,50. Alright,Greetings,50. Alright#2,train,include
Greetings/50. Alright/MVI_9924.MOV,50. Alright,Greetings,50. Alright#2,train,include
Greetings/50. Alright/MVI_9925.MOV,50. Alright,Greetings,50. Alright#2,train,include
Greetings/50. Alright/MVI_9926.MOV,50. Alright,Greetings,50. Alright#2,train,include
Greetings/50. Alright/MVI_9963.MOV,50. Alright,Greetings,50. Alright#3,train,include
Greetings/50. Alright/MVI_9964.MOV,50. Alright,Greetings,50. Alright#3,train,include
Greetings/50. Alright/MVI_9965.MOV,50. Alright,Greetings,50. Alright#3,train,include
Greetings/50. Alright/MVI_9966.MOV,50. Alright,Greetings,50. Alright#3,train,include
Greetings/50. Alright/MVI_9988.MOV,50. Alright,Greetings,50. Alright#4,train,include
Greetings/50. Alright/MVI_9989.MOV,50. Alright,Greetings,50. Alright#4,train,include
Greetings/50. Alright/MVI_9990.MOV,50. Alright,Greetings,50. Alright#4,train,include
Greetings/52. Good afternoon/MVI_0046.MOV,52. Good afternoon,Greetings,52. Good afternoon#0,test,include
Greetings/52. Good afternoon/MVI_0047.MOV,52. Good afternoon,Greetings,52. Good afternoon#0,test,include
Greetings/52. Good afternoon/MVI_0048.MOV,52. Good afternoon,Greetings,52. Good afternoon#0,test,include
Greetings/52. Good afternoon/MVI_0049.MOV,52. Good afternoon,Greetings,52. Good afternoon#0,test,include
Greetings/52. Good afternoon/MVI_0050.MOV,52. Good afternoon,Greetings,52. Good afternoon#0,test,include
Greetings/52. Good afternoon/MVI_0050_ (1).MOV,52. Good afternoon,Greetings,52. Good afternoon#0,test,include
Greetings/52. Good afternoon/MVI_0050_ (2).MOV,52. Good afternoon,Greetings,52. Good afternoon#0,test,include
Greetings/52. Good afternoon/MVI_0051.MOV,52. Good afternoon,Greetings,52. Good afternoon#0,test,include
Greetings/52. Good afternoon/MVI_0101.MOV,52. Good afternoon,Greetings,52. Good afternoon#1,test,include
Greetings/52. Good afternoon/MVI_0102.MOV,52. Good afternoon,Greetings,52. Good afternoon#1,test,include
Greetings/52. Good afternoon/MVI_0103.MOV,52. Good afternoon,Greetings,52. Good afternoon#1,test,include
Greetings/52. Good afternoon/MVI_9936.MOV,52. Good afternoon,Greetings,52. Good afternoon#2,train,include
Greetings/52. Good afternoon/MVI_9937.MOV,52. Good afternoon,Greetings,52. Good afternoon#2,train,include
Greetings/52. Good afternoon/MVI_9938.MOV,52. Good afternoon,Greetings,52. Good afternoon#2,train,include
Greetings/52. Good afternoon/MVI_9939.MOV,52. Good afternoon,Greetings,52. Good afternoon#2,train,include
Greetings/52. Good afternoon/MVI_9972.MOV,52. Good afternoon,Greetings,52. Good afternoon#3,train,include
Greetings/52. Good afternoon/MVI_9973.MOV,52. Good afternoon,Greetings,52. Good afternoon#3,train,include
Greetings/52. Good afternoon/MVI_9974.MOV,52. Good afternoon,Greetings,52. Good afternoon#3,train,include
Greetings/52. Good afternoon/MVI_9975.MOV,52. Good afternoon,Greetings,52. Good afternoon#3,train,include
Greetings/52. Good afternoon/MVI_9994.MOV,52. Good afternoon,Greetings,52. Good afternoon#4,train,include
Greetings/52. Good afternoon/MVI_9995.MOV,52. Good afternoon,Greetings,52. Good afternoon#4,train,include
Greetings/52. Good afternoon/MVI_9996.MOV,52. Good afternoon,Greetings,52. Good afternoon#4,train,include
-RTVD5tM__A_1.mp4,87. hot,,cislr#-RTVD5tM__A_1.mp4,train,cislr
0-pxIcGvk3w.mp4,51. Brown,,cislr#0-pxIcGvk3w.mp4,train,cislr
0JIsxA88oss_2.mp4,56. Grey,,cislr#0JIsxA88oss_2.mp4,train,cislr
3muHDD0neyo.mp4,89. warm,,cislr#3muHDD0neyo.mp4,train,cislr
4joUJiIztMI_1.mp4,95. bad,,cislr#4joUJiIztMI_1.mp4,train,cislr
53i9PPrlt6o_1.mp4,82. narrow,,cislr#53i9PPrlt6o_1.mp4,train,cislr
63LBwsyLl5s.mp4,80. tall,,cislr#63LBwsyLl5s.mp4,train,cislr
8hPNnF65IMg.mp4,52. Good afternoon,,cislr#8hPNnF65IMg.mp4,train,cislr
BUOXpYbLzTI_1.mp4,81. wide,,cislr#BUOXpYbLzTI_1.mp4,train,cislr
BUt4lIrC0E8_1.mp4,85. slow,,cislr#BUt4lIrC0E8_1.mp4,train,cislr
BvOKe8KiGPU.mp4,80. tall,,cislr#BvOKe8KiGPU.mp4,train,cislr
DG2hfDpWdMQ_1.mp4,94. good,,cislr#DG2hfDpWdMQ_1.mp4,train,cislr
FG0lFws-PWo_1.mp4,51. Brown,,cislr#FG0lFws-PWo_1.mp4,train,cislr
Gpjn1Iun6CI.mp4,89. warm,,cislr#Gpjn1Iun6CI.mp4,train,cislr
Jarh1WMa868_1.mp4,3. happy,,cislr#Jarh1WMa868_1.mp4,train,cislr
ME7pnv4k_l0_1.mp4,94. good,,cislr#ME7pnv4k_l0_1.mp4,train,cislr
NGJkhj4AWbA_1.mp4,98. sick,,cislr#NGJkhj4AWbA_1.mp4,train,cislr
NUKt0kkYSg4.mp4,98. sick,,cislr#NUKt0kkYSg4.mp4,train,cislr
O9pRqLLFUEE_1.mp4,3. happy,,cislr#O9pRqLLFUEE_1.mp4,train,cislr
OBHeVltjXT0_1.mp4,93. young,,cislr#OBHeVltjXT0_1.mp4,train,cislr
OL-CqbpYr8w.mp4,2. quiet,,cislr#OL-CqbpYr8w.mp4,train,cislr
OcSgDKInrg8.mp4,87. hot,,cislr#OcSgDKInrg8.mp4,train,cislr
P2OKqOpct8s.mp4,56. Grey,,cislr#P2OKqOpct8s.mp4,train,cislr
PeH-ArgS-fw_1.mp4,51. Brown,,cislr#PeH-ArgS-fw_1.mp4,train,cislr
QF_QXmNelLk.mp4,80. tall,,cislr#QF_QXmNelLk.mp4,train,cislr
VbRmhM7sUGo.mp4,96. wet,,cislr#VbRmhM7sUGo.mp4,train,cislr
W4cePmQ87gw.mp4,82. narrow,,cislr#W4cePmQ87gw.mp4,train,cislr
WoNO_8tWHBQ.mp4,93. young,,cislr#WoNO_8tWHBQ.mp4,train,cislr
XzUB9q5Buyw_1.mp4,98. sick,,cislr#XzUB9q5Buyw_1.mp4,train,cislr
YF72FhOc8B8_1.mp4,80. tall,,cislr#YF72FhOc8B8_1.mp4,train,cislr
YQcpKDKzhIQ_1.mp4,95. bad,,cislr#YQcpKDKzhIQ_1.mp4,train,cislr
Z6JNDTUxfUc.mp4,56. Grey,,cislr#Z6JNDTUxfUc.mp4,train,cislr
_sL5FydI-Is.mp4,85. slow,,cislr#_sL5FydI-Is.mp4,train,cislr
aQEJlg8RhXQ.mp4,94. good,,cislr#aQEJlg8RhXQ.mp4,train,cislr
b1Cbwx9LrQM_1.mp4,79. short,,cislr#b1Cbwx9LrQM_1.mp4,train,cislr
bwM7NUs3TFc_1.mp4,94. good,,cislr#bwM7NUs3TFc_1.mp4,train,cislr
dQ30qulPHvE_2.mp4,51. Brown,,cislr#dQ30qulPHvE_2.mp4,train,cislr
eh1UqHy5R8Y_1.mp4,95. bad,,cislr#eh1UqHy5R8Y_1.mp4,train,cislr
jeTLFZIvM10_1.mp4,96. wet,,cislr#jeTLFZIvM10_1.mp4,train,cislr
l4jwOKcXm4I.mp4,91. new,,cislr#l4jwOKcXm4I.mp4,train,cislr
mdv4f8f7JpQ_2.mp4,87. hot,,cislr#mdv4f8f7JpQ_2.mp4,train,cislr
mmXQw0IktO0_1.mp4,94. good,,cislr#mmXQw0IktO0_1.mp4,train,cislr
oa5xViQgdGc_1.mp4,98. sick,,cislr#oa5xViQgdGc_1.mp4,train,cislr
p9SdpeHMkZ0.mp4,3. happy,,cislr#p9SdpeHMkZ0.mp4,train,cislr
qIEr10Hg_Hw_1.mp4,95. bad,,cislr#qIEr10Hg_Hw_1.mp4,train,cislr
tLOTRTxqIS4_1.mp4,98. sick,,cislr#tLOTRTxqIS4_1.mp4,train,cislr
tRNnbHdT9Ms_1.mp4,92. old,,cislr#tRNnbHdT9Ms_1.mp4,train,cislr
uhJRFZWXPEo.mp4,89. warm,,cislr#uhJRFZWXPEo.mp4,train,cislr
xcd8lsPxlP4_1.mp4,97. dry,,cislr#xcd8lsPxlP4_1.mp4,train,cislr
y5LmYGbr428.mp4,97. dry,,cislr#y5LmYGbr428.mp4,train,cislr
z_WykkCqulk.mp4,98. sick,,cislr#z_WykkCqulk.mp4,train,cislr
