epoch,lr,train_loss,val_top1,val_top5,val_balanced,ema_top1,seconds,tracked_test_top1
0,5.00e-05,3.4145,0.0000,0.0000,0.0000,0.0000,17.3,nan
1,1.00e-04,3.4031,0.0000,0.0000,0.0000,0.0000,2.4,nan
2,1.50e-04,3.3836,0.0000,0.0000,0.0000,0.0000,2.5,nan
3,2.00e-04,3.3468,0.0000,0.0000,0.0000,0.0000,2.6,nan
4,2.50e-04,3.2847,0.0000,0.0000,0.0000,0.0000,2.7,nan
5,3.00e-04,3.2494,0.0000,0.0000,0.0000,0.0000,2.5,nan
6,3.50e-04,3.1696,0.0000,0.0000,0.0000,0.0000,2.5,nan
7,4.00e-04,3.1109,0.0000,0.0000,0.0000,0.0000,2.5,nan
8,4.50e-04,3.0404,0.0000,0.0000,0.0000,0.0000,2.4,nan
9,5.00e-04,3.0778,0.0000,0.0000,0.0000,0.0000,2.6,nan
10,5.00e-04,2.9275,0.0000,0.0000,0.0000,0.0000,2.5,nan
11,5.00e-04,2.8902,0.0000,0.0000,0.0000,0.0000,2.7,nan
12,5.00e-04,2.7607,0.0000,0.0000,0.0000,0.0000,2.4,nan
13,5.00e-04,2.7960,0.0000,0.0000,0.0000,0.0000,2.6,nan
14,5.00e-04,2.5960,0.0000,0.0000,0.0000,0.0000,2.6,nan
15,4.99e-04,2.5585,0.0000,0.0000,0.0000,0.0000,2.5,nan
16,4.99e-04,2.4234,0.0000,0.0000,0.0000,0.0000,2.4,nan
17,4.99e-04,2.4507,0.0000,0.0000,0.0000,0.0000,2.7,nan
18,4.98e-04,2.3985,0.0000,0.0000,0.0000,0.0000,2.5,nan
19,4.98e-04,2.5466,0.0000,0.0000,0.0000,0.0000,2.6,nan
20,4.98e-04,2.3063,0.0000,0.0000,0.0000,0.0000,2.3,nan
21,4.97e-04,2.3224,0.0000,0.0000,0.0000,0.0000,2.5,nan
22,4.97e-04,2.3553,0.0000,0.0000,0.0000,0.0000,2.6,nan
23,4.96e-04,2.2053,0.0000,0.0000,0.0000,0.0000,2.4,nan
24,4.95e-04,2.1340,0.0000,0.0000,0.0000,0.0000,2.5,nan
25,4.95e-04,2.1460,0.0000,0.0000,0.0000,0.0000,2.5,nan
26,4.94e-04,1.9789,0.0000,0.0000,0.0000,0.0000,2.6,nan
27,4.93e-04,1.8571,0.0000,0.0000,0.0000,0.0000,2.8,nan
28,4.93e-04,1.8418,0.0000,0.0000,0.0000,0.0000,2.5,nan
29,4.92e-04,2.0734,0.0000,0.0000,0.0000,0.0000,2.8,nan
30,4.91e-04,2.0354,0.0000,0.0000,0.0000,0.0000,2.6,nan
31,4.90e-04,1.8347,0.0000,0.0000,0.0000,0.0000,2.4,nan
32,4.89e-04,1.9474,0.0000,0.0000,0.0000,0.0000,2.5,nan
33,4.88e-04,1.9111,0.0000,0.0000,0.0000,0.0000,2.4,nan
34,4.87e-04,1.7572,0.0000,0.0000,0.0000,0.0000,2.4,nan
35,4.86e-04,1.5722,0.0000,0.0000,0.0000,0.0000,2.5,nan
36,4.85e-04,1.5641,0.0000,0.0000,0.0000,0.0000,2.6,nan
37,4.84e-04,1.7917,0.0000,0.0000,0.0000,0.0000,2.7,nan
38,4.83e-04,1.7575,0.0000,0.0000,0.0000,0.0000,2.6,nan
39,4.81e-04,1.6594,0.0000,0.0000,0.0000,0.0000,2.3,nan
40,4.80e-04,1.6292,0.0000,0.0000,0.0000,0.0000,2.5,nan
41,4.79e-04,1.6882,0.0000,0.0000,0.0000,0.0000,2.4,nan
42,4.77e-04,1.4659,0.0000,0.0000,0.0000,0.0000,2.7,nan
43,4.76e-04,1.3781,0.0000,0.0000,0.0000,0.0000,2.4,nan
44,4.75e-04,1.3852,0.0000,0.0000,0.0000,0.0000,2.8,nan
45,4.73e-04,1.4873,0.0000,0.0000,0.0000,0.0000,2.4,nan
46,4.72e-04,1.3856,0.0000,0.0000,0.0000,0.0000,2.5,nan
47,4.70e-04,1.3703,0.0000,0.0000,0.0000,0.0000,2.5,nan
48,4.69e-04,1.7296,0.0000,0.0000,0.0000,0.0000,2.6,nan
49,4.67e-04,1.4503,0.0000,0.0000,0.0000,0.0000,2.5,nan
50,4.65e-04,1.7913,0.0000,0.0000,0.0000,0.0000,2.7,nan
51,4.64e-04,1.7261,0.0000,0.0000,0.0000,0.0000,2.7,nan
52,4.62e-04,1.1179,0.0000,0.0000,0.0000,0.0000,2.7,nan
53,4.60e-04,1.6427,0.0000,0.0000,0.0000,0.0000,2.6,nan
54,4.59e-04,1.3164,0.0000,0.0000,0.0000,0.0000,2.6,nan
55,4.57e-04,1.1334,0.0000,0.0000,0.0000,0.0000,2.4,nan
56,4.55e-04,1.2022,0.0000,0.0000,0.0000,0.0000,2.8,nan
57,4.53e-04,1.4783,0.0000,0.0000,0.0000,0.0000,2.6,nan
58,4.51e-04,1.5253,0.0000,0.0000,0.0000,0.0000,2.6,nan
59,4.49e-04,1.3964,0.0000,0.0000,0.0000,0.0000,2.8,nan
60,4.47e-04,1.1106,0.0000,0.0000,0.0000,0.0000,2.5,nan
61,4.45e-04,1.1337,0.0000,0.0000,0.0000,0.0000,2.4,nan
62,4.43e-04,1.1425,0.0000,0.0000,0.0000,0.0000,2.8,nan
63,4.41e-04,1.0164,0.0000,0.0000,0.0000,0.0000,2.4,nan
64,4.39e-04,0.9932,0.0000,0.0000,0.0000,0.0000,2.5,nan
65,4.37e-04,1.3233,0.0000,0.0000,0.0000,0.0000,2.7,nan
66,4.35e-04,0.9644,0.0000,0.0000,0.0000,0.0000,2.6,nan
67,4.32e-04,1.0186,0.0000,0.0000,0.0000,0.0000,2.7,nan
68,4.30e-04,1.0248,0.0000,0.0000,0.0000,0.0000,2.5,nan
69,4.28e-04,0.9776,0.0000,0.0000,0.0000,0.0000,2.7,nan
70,4.26e-04,1.5579,0.0000,0.0000,0.0000,0.0000,2.7,nan
71,4.23e-04,1.6484,0.0000,0.0000,0.0000,0.0000,2.7,nan
72,4.21e-04,1.3066,0.0000,0.0000,0.0000,0.0000,2.6,nan
73,4.19e-04,0.9929,0.0000,0.0000,0.0000,0.0000,2.5,nan
74,4.16e-04,1.0303,0.0000,0.0000,0.0000,0.0000,2.5,nan
75,4.14e-04,1.1146,0.0000,0.0000,0.0000,0.0000,2.7,nan
76,4.11e-04,0.8536,0.0000,0.0000,0.0000,0.0000,2.5,nan
77,4.09e-04,1.2176,0.0000,0.0000,0.0000,0.0000,2.3,nan
78,4.06e-04,0.9372,0.0000,0.0000,0.0000,0.0000,2.8,nan
79,4.04e-04,0.8838,0.0000,0.0000,0.0000,0.0000,2.4,nan
80,4.01e-04,0.8491,0.0000,0.0000,0.0000,0.0000,2.8,nan
81,3.98e-04,0.9233,0.0000,0.0000,0.0000,0.0000,2.5,nan
82,3.96e-04,0.9579,0.0000,0.0000,0.0000,0.0000,2.9,nan
83,3.93e-04,1.2282,0.0000,0.0000,0.0000,0.0000,2.4,nan
84,3.90e-04,0.9584,0.0000,0.0000,0.0000,0.0000,2.6,nan
85,3.88e-04,1.1268,0.0000,0.0000,0.0000,0.0000,2.9,nan
86,3.85e-04,0.6987,0.0000,0.0000,0.0000,0.0000,2.4,nan
87,3.82e-04,1.0994,0.0000,0.0000,0.0000,0.0000,2.4,nan
88,3.80e-04,1.0818,0.0000,0.0000,0.0000,0.0000,2.5,nan
89,3.77e-04,1.4931,0.0000,0.0000,0.0000,0.0000,2.5,nan
90,3.74e-04,1.1104,0.0000,0.0000,0.0000,0.0000,2.7,nan
91,3.71e-04,1.1249,0.0000,0.0000,0.0000,0.0000,2.7,nan
92,3.68e-04,0.8487,0.0000,0.0000,0.0000,0.0000,2.6,nan
93,3.65e-04,0.7038,0.0000,0.0000,0.0000,0.0000,2.4,nan
94,3.62e-04,1.6259,0.0000,0.0000,0.0000,0.0000,2.4,nan
95,3.60e-04,1.5253,0.0000,0.0000,0.0000,0.0000,2.7,nan
96,3.57e-04,1.1833,0.0000,0.0000,0.0000,0.0000,2.8,nan
97,3.54e-04,0.7831,0.0000,0.0000,0.0000,0.0000,2.7,nan
98,3.51e-04,0.7985,0.0000,0.0000,0.0000,0.0000,2.5,nan
99,3.48e-04,0.9526,0.0000,0.0000,0.0000,0.0000,2.4,nan
100,3.45e-04,0.9589,0.0000,0.0000,0.0000,0.0000,2.5,nan
101,3.42e-04,0.8755,0.0000,0.0000,0.0000,0.0000,2.5,nan
102,3.39e-04,0.7412,0.0000,0.0000,0.0000,0.0000,2.8,nan
103,3.36e-04,0.7266,0.0000,0.0000,0.0000,0.0000,2.5,nan
104,3.33e-04,1.0029,0.0000,0.0000,0.0000,0.0000,2.4,nan
105,3.29e-04,0.9184,0.0000,0.0000,0.0000,0.0000,2.5,nan
106,3.26e-04,1.3266,0.0000,0.0000,0.0000,0.0000,2.6,nan
107,3.23e-04,1.0190,0.0000,0.0000,0.0000,0.0000,2.8,nan
108,3.20e-04,1.1097,0.0000,0.0000,0.0000,0.0000,2.7,nan
109,3.17e-04,0.7758,0.0000,0.0000,0.0000,0.0000,2.7,nan
110,3.14e-04,1.1216,0.0000,0.0000,0.0000,0.0000,2.7,nan
111,3.11e-04,0.8537,0.0000,0.0000,0.0000,0.0000,2.7,nan
112,3.08e-04,0.8993,0.0000,0.0000,0.0000,0.0000,2.5,nan
113,3.04e-04,0.9275,0.0000,0.0000,0.0000,0.0000,2.4,nan
114,3.01e-04,1.4405,0.0000,0.0000,0.0000,0.0000,2.5,nan
115,2.98e-04,1.1742,0.0000,0.0000,0.0000,0.0000,2.7,nan
116,2.95e-04,0.8155,0.0000,0.0000,0.0000,0.0000,2.8,nan
117,2.92e-04,0.6372,0.0000,0.0000,0.0000,0.0000,2.6,nan
118,2.89e-04,1.1784,0.0000,0.0000,0.0000,0.0000,2.5,nan
119,2.85e-04,0.8240,0.0000,0.0000,0.0000,0.0000,2.7,nan
120,2.82e-04,0.9560,0.0000,0.0000,0.0000,0.0000,2.6,nan
121,2.79e-04,1.0199,0.0000,0.0000,0.0000,0.0000,2.8,nan
122,2.76e-04,1.1354,0.0000,0.0000,0.0000,0.0000,2.5,nan
123,2.72e-04,0.7658,0.0000,0.0000,0.0000,0.0000,2.5,nan
124,2.69e-04,0.5705,0.0000,0.0000,0.0000,0.0000,2.6,nan
125,2.66e-04,1.1596,0.0000,0.0000,0.0000,0.0000,2.7,nan
126,2.63e-04,0.6800,0.0000,0.0000,0.0000,0.0000,2.6,nan
127,2.60e-04,0.8076,0.0000,0.0000,0.0000,0.0000,2.5,nan
128,2.56e-04,1.2201,0.0000,0.0000,0.0000,0.0000,2.4,nan
129,2.53e-04,0.6478,0.0000,0.0000,0.0000,0.0000,2.7,nan
130,2.50e-04,0.7847,0.0000,0.0000,0.0000,0.0000,2.5,nan
131,2.47e-04,0.7370,0.0000,0.0000,0.0000,0.0000,2.6,nan
132,2.43e-04,0.9143,0.0000,0.0000,0.0000,0.0000,2.9,nan
133,2.40e-04,0.9163,0.0000,0.0000,0.0000,0.0000,2.5,nan
134,2.37e-04,0.8666,0.0000,0.0000,0.0000,0.0000,2.4,nan
135,2.34e-04,0.7469,0.0000,0.0000,0.0000,0.0000,2.4,nan
136,2.30e-04,0.9720,0.0000,0.0000,0.0000,0.0000,2.5,nan
137,2.27e-04,0.7256,0.0000,0.0000,0.0000,0.0000,2.6,nan
138,2.24e-04,1.0274,0.0000,0.0000,0.0000,0.0000,2.6,nan
139,2.21e-04,0.8557,0.0000,0.0000,0.0000,0.0000,2.5,nan
140,2.18e-04,0.7524,0.0000,0.0000,0.0000,0.0000,2.6,nan
141,2.14e-04,1.0902,0.0000,0.0000,0.0000,0.0000,2.4,nan
142,2.11e-04,0.8188,0.0000,0.0000,0.0000,0.0000,2.5,nan
143,2.08e-04,0.7734,0.0000,0.0000,0.0000,0.0000,2.3,nan
144,2.05e-04,0.6931,0.0000,0.0000,0.0000,0.0000,2.8,nan
145,2.02e-04,1.1890,0.0000,0.0000,0.0000,0.0000,2.6,nan
146,1.98e-04,1.0893,0.0000,0.0000,0.0000,0.0000,2.8,nan
147,1.95e-04,0.8784,0.0000,0.0000,0.0000,0.0000,2.6,nan
148,1.92e-04,0.8037,0.0000,0.0000,0.0000,0.0000,2.6,nan
149,1.89e-04,0.8396,0.0000,0.0000,0.0000,0.0000,2.5,nan
150,1.86e-04,0.7185,0.0000,0.0000,0.0000,0.0000,2.7,nan
151,1.83e-04,0.7545,0.0000,0.0000,0.0000,0.0000,2.8,nan
152,1.80e-04,0.7979,0.0000,0.0000,0.0000,0.0000,2.4,nan
153,1.77e-04,1.0089,0.0000,0.0000,0.0000,0.0000,2.8,nan
154,1.73e-04,0.9626,0.0000,0.0000,0.0000,0.0000,2.5,nan
155,1.70e-04,0.9189,0.0000,0.0000,0.0000,0.0000,2.7,nan
156,1.67e-04,0.7579,0.0000,0.0000,0.0000,0.0000,2.5,nan
157,1.64e-04,0.8879,0.0000,0.0000,0.0000,0.0000,2.7,nan
158,1.61e-04,1.0530,0.0000,0.0000,0.0000,0.0000,2.6,nan
159,1.58e-04,0.7064,0.0000,0.0000,0.0000,0.0000,2.5,nan
160,1.55e-04,0.8861,0.0000,0.0000,0.0000,0.0000,2.4,nan
161,1.52e-04,1.0890,0.0000,0.0000,0.0000,0.0000,2.4,nan
162,1.49e-04,0.8958,0.0000,0.0000,0.0000,0.0000,2.6,nan
163,1.46e-04,0.4861,0.0000,0.0000,0.0000,0.0000,2.5,nan
164,1.44e-04,0.6733,0.0000,0.0000,0.0000,0.0000,2.4,nan
165,1.41e-04,0.7931,0.0000,0.0000,0.0000,0.0000,2.5,nan
166,1.38e-04,0.7321,0.0000,0.0000,0.0000,0.0000,2.5,nan
167,1.35e-04,0.9372,0.0000,0.0000,0.0000,0.0000,2.6,nan
168,1.32e-04,0.8156,0.0000,0.0000,0.0000,0.0000,2.7,nan
169,1.29e-04,0.7840,0.0000,0.0000,0.0000,0.0000,2.5,nan
170,1.26e-04,0.6619,0.0000,0.0000,0.0000,0.0000,2.7,nan
171,1.24e-04,1.0048,0.0000,0.0000,0.0000,0.0000,2.5,nan
172,1.21e-04,0.7770,0.0000,0.0000,0.0000,0.0000,2.5,nan
173,1.18e-04,0.9408,0.0000,0.0000,0.0000,0.0000,2.6,nan
174,1.15e-04,0.8464,0.0000,0.0000,0.0000,0.0000,2.5,nan
175,1.13e-04,0.8924,0.0000,0.0000,0.0000,0.0000,2.7,nan
176,1.10e-04,1.0998,0.0000,0.0000,0.0000,0.0000,2.6,nan
177,1.07e-04,0.6574,0.0000,0.0000,0.0000,0.0000,2.5,nan
178,1.05e-04,0.6737,0.0000,0.0000,0.0000,0.0000,2.4,nan
179,1.02e-04,0.7164,0.0000,0.0000,0.0000,0.0000,2.7,nan
180,9.97e-05,0.6302,0.0000,0.0000,0.0000,0.0000,2.6,nan
181,9.72e-05,1.0564,0.0000,0.0000,0.0000,0.0000,2.5,nan
182,9.47e-05,0.8765,0.0000,0.0000,0.0000,0.0000,2.5,nan
183,9.22e-05,0.6651,0.0000,0.0000,0.0000,0.0000,2.6,nan
184,8.97e-05,0.7821,0.0000,0.0000,0.0000,0.0000,2.7,nan
185,8.73e-05,1.0704,0.0000,0.0000,0.0000,0.0000,2.7,nan
186,8.49e-05,0.7533,0.0000,0.0000,0.0000,0.0000,2.7,nan
187,8.25e-05,0.8560,0.0000,0.0000,0.0000,0.0000,2.5,nan
188,8.02e-05,0.6953,0.0000,0.0000,0.0000,0.0000,2.7,nan
189,7.79e-05,0.7279,0.0000,0.0000,0.0000,0.0000,2.7,nan
190,7.56e-05,0.7601,0.0000,0.0000,0.0000,0.0000,2.5,nan
191,7.33e-05,0.8794,0.0000,0.0000,0.0000,0.0000,2.6,nan
192,7.11e-05,0.6150,0.0000,0.0000,0.0000,0.0000,2.6,nan
193,6.89e-05,0.8285,0.0000,0.0000,0.0000,0.0000,2.4,nan
194,6.68e-05,0.7316,0.0000,0.0000,0.0000,0.0000,2.8,nan
195,6.47e-05,0.9692,0.0000,0.0000,0.0000,0.0000,2.6,nan
196,6.26e-05,0.6313,0.0000,0.0000,0.0000,0.0000,2.4,nan
197,6.05e-05,0.6299,0.0000,0.0000,0.0000,0.0000,2.7,nan
198,5.85e-05,0.6890,0.0000,0.0000,0.0000,0.0000,2.6,nan
199,5.65e-05,0.7486,0.0000,0.0000,0.0000,0.0000,2.8,nan
200,5.45e-05,0.5131,0.0000,0.0000,0.0000,0.0000,2.7,nan
201,5.26e-05,0.6939,0.0000,0.0000,0.0000,0.0000,2.6,nan
202,5.07e-05,0.7722,0.0000,0.0000,0.0000,0.0000,2.6,nan
203,4.88e-05,1.3001,0.0000,0.0000,0.0000,0.0000,2.5,nan
204,4.70e-05,1.2474,0.0000,0.0000,0.0000,0.0000,2.4,nan
205,4.52e-05,1.2054,0.0000,0.0000,0.0000,0.0000,2.8,nan
206,4.35e-05,0.7330,0.0000,0.0000,0.0000,0.0000,2.4,nan
207,4.18e-05,0.7964,0.0000,0.0000,0.0000,0.0000,2.5,nan
208,4.01e-05,1.0069,0.0000,0.0000,0.0000,0.0000,2.5,nan
209,3.84e-05,0.7763,0.0000,0.0000,0.0000,0.0000,2.5,nan
210,3.68e-05,0.4216,0.0000,0.0000,0.0000,0.0000,2.4,nan
211,3.53e-05,0.8825,0.0000,0.0000,0.0000,0.0000,2.6,nan
212,3.37e-05,0.9094,0.0000,0.0000,0.0000,0.0000,2.5,nan
213,3.22e-05,0.7781,0.0000,0.0000,0.0000,0.0000,2.6,nan
214,3.08e-05,0.8647,0.0000,0.0000,0.0000,0.0000,2.7,nan
215,2.93e-05,0.5382,0.0000,0.0000,0.0000,0.0000,2.5,nan
216,2.80e-05,0.7032,0.0000,0.0000,0.0000,0.0000,2.7,nan
217,2.66e-05,0.8356,0.0000,0.0000,0.0000,0.0000,2.6,nan
218,2.53e-05,0.7029,0.0000,0.0000,0.0000,0.0000,2.3,nan
219,2.40e-05,0.7242,0.0000,0.0000,0.0000,0.0000,2.6,nan
220,2.28e-05,0.8804,0.0000,0.0000,0.0000,0.0000,2.5,nan
221,2.16e-05,0.7087,0.0000,0.0000,0.0000,0.0000,2.6,nan
222,2.05e-05,0.8302,0.0000,0.0000,0.0000,0.0000,2.7,nan
223,1.94e-05,0.4982,0.0000,0.0000,0.0000,0.0000,2.5,nan
224,1.83e-05,0.6967,0.0000,0.0000,0.0000,0.0000,2.4,nan
225,1.73e-05,0.8652,0.0000,0.0000,0.0000,0.0000,2.5,nan
226,1.63e-05,0.6916,0.0000,0.0000,0.0000,0.0000,2.6,nan
227,1.53e-05,1.0544,0.0000,0.0000,0.0000,0.0000,2.5,nan
228,1.44e-05,0.8933,0.0000,0.0000,0.0000,0.0000,2.6,nan
229,1.36e-05,0.5520,0.0000,0.0000,0.0000,0.0000,2.5,nan
230,1.27e-05,0.8851,0.0000,0.0000,0.0000,0.0000,2.7,nan
231,1.20e-05,1.1459,0.0000,0.0000,0.0000,0.0000,2.8,nan
232,1.12e-05,0.9926,0.0000,0.0000,0.0000,0.0000,2.5,nan
233,1.05e-05,0.8376,0.0000,0.0000,0.0000,0.0000,2.5,nan
234,9.86e-06,0.7386,0.0000,0.0000,0.0000,0.0000,2.9,nan
235,9.24e-06,1.0513,0.0000,0.0000,0.0000,0.0000,2.6,nan
236,8.67e-06,0.5514,0.0000,0.0000,0.0000,0.0000,2.7,nan
237,8.13e-06,0.5325,0.0000,0.0000,0.0000,0.0000,2.4,nan
238,7.64e-06,0.8119,0.0000,0.0000,0.0000,0.0000,2.6,nan
239,7.19e-06,0.4275,0.0000,0.0000,0.0000,0.0000,2.5,nan
240,6.78e-06,0.7229,0.0000,0.0000,0.0000,0.0000,2.7,nan
241,6.41e-06,0.8923,0.0000,0.0000,0.0000,0.0000,2.5,nan
242,6.09e-06,1.0524,0.0000,0.0000,0.0000,0.0000,2.5,nan
243,5.81e-06,0.9632,0.0000,0.0000,0.0000,0.0000,2.5,nan
244,5.57e-06,0.6782,0.0000,0.0000,0.0000,0.0000,2.5,nan
245,5.37e-06,1.1227,0.0000,0.0000,0.0000,0.0000,2.7,nan
246,5.21e-06,0.5000,0.0000,0.0000,0.0000,0.0000,2.7,nan
247,5.10e-06,0.8986,0.0000,0.0000,0.0000,0.0000,2.6,nan
248,5.03e-06,0.8091,0.0000,0.0000,0.0000,0.0000,2.3,nan
249,5.00e-06,0.8685,0.0000,0.0000,0.0000,0.0000,2.5,nan
